year,transect,POPR,BRIN,NatC3,IntC3,NatC4,IntC4,Natleg,Intleg,NatForb,IntForb,NatWoody,IntWoody,Bare,Dead,Robel,LitterDepth,TRT,bloop1,TSF,BurnSeason
2017,DNENEE,36.65,14.95,25.95,1.05,0,0,8.95,5.1,11.65,2.85,7.9,0,0.45,10.05,2.6,27.9375,PBG20,DNENEE20174,UNB,NA
2018,DNENEE,33.65,14.4,14.3,0,7.45,0,14.9,0.15,22.05,3,4.2,0,1.95,6.9,3.25,27.45,PBG20,DNENEE20181,UNB,NA
2019,DNENEE,25.1,13.65,10.6,0,7.7,0.3,5.5,3.1,10.7,5,2.7,0,1.35,4.2,3.3375,36.2875,PBG20,DNENEE20191,UNB,NA
2020,DNENEE,21.1,6.55,8.15,0.15,0,0,4.45,0.75,10.2,0.3,3.6,0,3.1,15.4,3.075,36.025,PBG20,DNENEE20201,UNB,NA
2017,DNENEW,27.8,18.55,23.9,0,0.15,0,4.8,6.6,15.45,1.2,2.55,0,1.5,15.4,2.2,18,PBG20,DNENEW20171,UNB,NA
2018,DNENEW,27.7619,5.142857,10.85714,0,5.952381,0,6.666667,2.428571,26.7619,0,9.047619,0.142857,15.85714,1.428571,2,9.333333,PBG20,DNENEW20181,0,SPRING
2019,DNENEW,32.4,2.55,6.25,0,1.65,0.15,4,1.95,28.3,0.9,0.75,0,9.65,7.3,2.4,9.8875,PBG20,DNENEW20191,1,SPRING
2020,DNENEW,16.45,7.35,15.3,1.5,3.75,0,1.35,1.65,18.9,1.05,5.1,0,3.15,25.4,1.725,22.0125,PBG20,DNENEW20201,2,SPRING
2017,DNENWE,24.19048,12.19048,31.33333,0,4.714286,0,2.142857,8.047619,16.57143,1.285714,3.428571,0,3.857143,9.190476,1.833333,11.59524,PBG20,DNENWE20171,UNB,NA
2018,DNENWE,29.95,8.8,10.35,0,16.15,0,4.65,2.4,26.5,0,3.7,0,7.4,2.7,2.45,12.75,PBG20,DNENWE20181,UNB,NA
2019,DNENWE,17.45,10.1,4.45,0.3,13.8,0,1.05,3.3,17.5,3.45,1.35,0,0.3,13.45,2.5625,39.1375,PBG20,DNENWE20191,UNB,NA
2020,DNENWE,13.15,3.75,10.45,0,1.2,0,0.75,1.2,8.95,0.15,2.55,0,2.4,19.05,3.0875,40.6875,PBG20,DNENWE20201,UNB,NA
2017,DNENWW,33.68421,9.105263,14.15789,0,3.894737,0,4.210526,6.315789,15.52632,2.368421,4.842105,0,4.526316,7.368421,1.736842,10.65789,PBG20,DNENWW20171,UNB,NA
2018,DNENWW,37.2,7.1,10.95,0,5.05,0,5.1,1.05,25.8,1.5,7.5,0,4.2,1.8,2.2,11.2,PBG20,DNENWW20181,UNB,NA
2019,DNENWW,33.45,5.85,4.3,1.9,4.55,0,4,4.65,18.3,1.05,2.55,0,5.4,2.7,2.15,17.275,PBG20,DNENWW20191,UNB,NA
2020,DNENWW,6.6,2.25,6.15,0.15,3.9,0,1.5,1.65,13.7,0.3,3.45,0,18.15,7.8,1.625,5.7625,PBG20,DNENWW20201,0,SPRING
2017,DNESEE,21.04762,2.428571,22,0.285714,4.809524,0,9.47619,6,15.28571,3.571429,3.904762,0,8.571429,2.857143,1.416667,3.869048,PBG20,DNESEE20171,0,SPRING
2018,DNESEE,29.4,4.15,19.15,0,9.7,0,11.5,1.05,23.15,3.4,5.8,0,2.55,1.8,2.3,7.2,PBG20,DNESEE20181,1,SPRING
2019,DNESEE,26.95,3,15.1,0,11.05,0,5.25,1.35,15.4,1.05,1.2,0,7.75,12.3,1.9125,11.4875,PBG20,DNESEE20191,2,SPRING
2020,DNESEE,20,2.55,3,0.15,8.25,0,2.1,1.2,7.6,0.75,3.1,0,5.05,22.4,1.7125,13.5625,PBG20,DNESEE20201,3,SPRING
2017,DNESEW,43.25,11.55,19.55,0,1.05,0.3,7.2,7.7,11.35,1.65,8.55,0,1.05,7.75,2.4,20.25,PBG20,DNESEW20171,UNB,FALL
2018,DNESEW,52.65,13.05,5.85,0,1.2,0,8.95,1.35,14.6,0,11.8,0,3.85,1.5,2.35,9.45,PBG20,DNESEW20181,0,FALL
2019,DNESEW,30.25,7.4,2.4,0,2.25,0,3.3,7.95,10.2,0.3,6.4,0,1.2,0,2.2125,27.45,PBG20,DNESEW20191,1,FALL
2020,DNESEW,33.4,3.9,2.7,0.3,2.4,0,1.95,1.65,10.6,0.45,6.3,0,2.1,16,2,18.3625,PBG20,DNESEW20201,2,FALL
2017,DNESWE,27.4,1.8,36.75,0,1.5,0,9.25,2.85,20.05,1.65,0.45,0,6,6.6,1.55,10.25,PBG20,DNESWE20171,UNB,NA
2018,DNESWE,36.7,0,22.2,0.15,9.05,0,4.95,2.7,25.55,0,0.15,0,7.7,2.7,2.05,12.5,PBG20,DNESWE20181,UNB,NA
2019,DNESWE,33.4,0.45,16.45,0,8.5,0.15,4.2,2.55,10.7,0.15,1.5,0,7.2,10.75,2.15,15.35,PBG20,DNESWE20191,UNB,NA
2020,DNESWE,15,2.25,18.25,1.2,9.05,0,2.1,1.2,8.4,0,1.8,0,7,32.45,1.4875,26.45,PBG20,DNESWE20201,UNB,NA
2017,DNESWW,20.75,8.6,18.2,0,0.9,0.3,4.05,11.65,11.35,5.35,0,0,5.25,4.2,1.2875,6.125,PBG20,DNESWW20171,UNB,NA
2018,DNESWW,31.4,9.35,9.7,0.75,4.65,0,4,9.1,18.8,0.75,0,0,7.8,1.5,1.4,8.2,PBG20,DNESWW20181,UNB,NA
2019,DNESWW,24.35,2.4,8.9,0,5.9,0,2.55,14.2,13.35,0,0,0,14.05,5.4,1.6875,2.4,PBG20,DNESWW20191,0,SPRING
2020,DNESWW,14.9,2.1,7.65,0.15,1.5,0,0.75,3.75,14.9,0.15,0,0,5.25,14.85,1.5,7.2,PBG20,DNESWW20201,1,SPRING
2017,DNWNEE,37.35,5.35,21.05,0,3.3,0,1.05,1.05,14.3,2.65,4.3,0,2.4,10.75,1.7125,20,PBG40,DNWNEE20171,UNB,NA
2018,DNWNEE,40.8,3.7,14.85,0,11.4,0,3.1,6.15,22.5,2.05,3,0,7,4.8,2.3,19.55,PBG40,DNWNEE20181,UNB,NA
2019,DNWNEE,9.65,0.6,19.7,0.15,5.9,0,3,0.3,16.35,0,1.65,0,30.2,3.9,1.4375,2.45,PBG40,DNWNEE20191,0,SPRING
2020,DNWNEE,17.8,4.65,17.65,1.8,4.2,0,1.5,1.5,20.15,0.45,4.45,0,12,33.1,1.3,16.9,PBG40,DNWNEE20201,1,SPRING
2017,DNWNEW,40.47368,15,5.789474,0.157895,17.26316,0.157895,1.736842,3.473684,11.21053,1.736842,1.263158,0,1.894737,3,1.144737,6.776316,PBG40,DNWNEW20171,UNB,NA
2018,DNWNEW,36,13.35,0.6,0,19.65,0,6.2,4.95,18.75,0.75,3.15,0,7.15,2.1,2.25,12.2,PBG40,DNWNEW20181,UNB,NA
2019,DNWNEW,14.25,4.95,4.3,0,18.45,0,4.2,0.75,14.7,1.65,0.15,0,29.05,4.5,1.45,3.0625,PBG40,DNWNEW20191,0,SPRING
2020,DNWNEW,11.7,5.25,4,0.3,12.85,0,2.25,2.4,14.6,2.95,1.05,0,20.4,15.25,1.1625,5.0625,PBG40,DNWNEW20201,1,SPRING
2017,DNWNWE,49.55,16.3,16.05,0.15,2.65,0,1.35,1.05,11.35,1.05,1.2,0,0.45,7.05,1.2625,20.75,PBG40,DNWNWE20171,UNB,NA
2018,DNWNWE,40.25,3,2.25,1.05,3.85,0,7.55,0.75,31.8,1.65,3.15,0,12.35,2.25,2.15,11.05,PBG40,DNWNWE20181,0,SPRING
2019,DNWNWE,40.65,2.35,8.5,3.15,7.35,0,2.8,0,19.3,2.05,1.8,0,9.9,5.35,2.725,8.7625,PBG40,DNWNWE20191,1,SPRING
2020,DNWNWE,22.65,1.05,23.65,3.55,0.9,0,1.5,0.3,17.55,0,2.1,0,8.65,23.55,1.2625,15.9125,PBG40,DNWNWE20201,2,SPRING
2017,DNWNWW,41.1,53.15,0.15,0,0,0.15,2.1,3.7,7.2,0.45,7.9,0,0.15,7.2,2.5125,25.1875,PBG40,DNWNWW20171,UNB,NA
2018,DNWNWW,24.68421,17.78947,0.789474,0,0,0,6.684211,3.157895,22.89474,0,17.63158,0,9.263158,3.631579,2.157895,14.26316,PBG40,DNWNWW20181,0,SPRING
2019,DNWNWW,44.6,15.25,0.75,0,2.05,0,4.65,2.1,24.05,0,4.85,0,0.3,1.05,3.6375,6.8875,PBG40,DNWNWW20191,1,SPRING
2020,DNWNWW,33.5,14.3,1.05,0.15,1.65,0,1.8,1.8,11.95,0.3,8.55,0,2.1,20.1,2.45,31.525,PBG40,DNWNWW20201,2,SPRING
2017,DNWSEE,30.31579,0,45.57895,0,0,0.157895,4.894737,2.368421,14.84211,2.210526,0.473684,0,2.526316,4.894737,1.013158,7.171053,PBG40,DNWSEE20171,UNB,NA
2018,DNWSEE,48.90476,0.714286,13,0.142857,5.142857,0,5.52381,3.857143,27.14286,0,1.428571,0.047619,6.714286,3.428571,2.047619,12.14286,PBG40,DNWSEE20181,UNB,NA
2019,DNWSEE,50.35,0.3,10.55,0,4,0,2.25,1.95,22.35,0,2.05,0,1.05,2.5,2.3625,24.675,PBG40,DNWSEE20191,UNB,NA
2020,DNWSEE,27.2,0,8.85,0,0,0,2.4,0.75,14.25,0,0.15,0,20.95,23.1,1.0875,12.3375,PBG40,DNWSEE20201,0,SPRING
2017,DNWSEW,45.3,40.35,2.55,0.3,0,0,1.8,1.05,6.6,0.15,8.1,0,0.6,7.05,2.0875,20.5625,PBG40,DNWSEW20171,UNB,NA
2018,DNWSEW,38.45,22.6,6.85,0.75,1.5,0,9.75,0.9,17.9,0.9,17.5,1.9,1.5,5.55,3.75,24.85,PBG40,DNWSEW20181,UNB,NA
2019,DNWSEW,43.4,15.25,9.2,0,2.65,0,2.7,0.45,10.15,0.75,8.35,0,0.15,6,4.2625,43.4,PBG40,DNWSEW20191,UNB,NA
2020,DNWSEW,17.2,7.15,1.5,0.15,3.75,0,5.1,0,12.55,0,8.65,0,19.7,14.85,1.5625,10.45,PBG40,DNWSEW20201,0,SPRING
2017,DNWSWE,44.7,24.95,4.2,0.75,2.65,0,1.35,0.75,10.2,0.45,3.45,0,4.65,2.85,1.2375,7.125,PBG40,DNWSWE20171,0,SPRING
2018,DNWSWE,42.05,29.6,4.15,1.65,1.5,0,1.95,5.95,25.55,0,6.95,0,5.4,1.65,2.85,11.25,PBG40,DNWSWE20181,1,SPRING
2019,DNWSWE,30.05,14.1,4.65,0,1.35,0,5.2,4.65,17.1,0.75,2.4,0,4.9,29.05,2.3125,43.8,PBG40,DNWSWE20191,2,SPRING
2020,DNWSWE,13.15,12.15,3.3,0,0.75,0,1.35,1.2,9.6,0,5.55,0,3.75,38.4,1.575,32.6875,PBG40,DNWSWE20201,3,SPRING
2017,DNWSWW,25.05,9.9,0.6,1.05,16.25,0.15,0.3,4.6,13.8,0.3,0.3,0,7.5,3.6,1.075,5.4375,PBG40,DNWSWW20171,0,SPRING
2018,DNWSWW,28.9,10,1.5,0.15,23.1,0,2.55,10.1,31.45,0,0,0,6.75,1.5,2.3,7,PBG40,DNWSWW20181,1,SPRING
2019,DNWSWW,25.2,8,1.8,0.15,23.3,0,0.15,9.05,24.2,0,0.45,0,5.55,27.1,1.95,37.0625,PBG40,DNWSWW20191,2,SPRING
2020,DNWSWW,17.75,8.8,9.75,0.45,11.1,0,0.45,1.2,9.55,0,0.9,0,2.85,42.05,1.6375,40.3,PBG40,DNWSWW20201,3,SPRING
2017,DSENEE,38.65,35.7,9.25,4.65,0,0,3.15,1.8,13.6,2.7,6,0,1.65,9.6,3.55,31.6875,PBG20,DSENEE20171,UNB,SUMMER
2018,DSENEE,48.90476,13.19048,7.238095,0,3.952381,0,12.85714,0.285714,8.857143,3.142857,6.142857,0,3.285714,1.142857,3.761905,11.33333,PBG20,DSENEE20181,0,SUMMER
2019,DSENEE,32.7,16.75,6.35,0,2.05,0,12.05,14.65,14.35,4.05,3.45,0,4.55,4.5,3.4,17.0375,PBG20,DSENEE20191,1,SUMMER
2020,DSENEE,28.45,12.8,8.3,0,0.15,0,6.25,1.8,7.05,1.8,3.15,0,2.95,10.2,2.4625,20.625,PBG20,DSENEE20201,2,SUMMER
2017,DSENEW,28.25,19.4,9.2,0.75,0,0,2.25,1.5,12.5,4.05,8.15,0,4.45,8.95,2.325,14.6875,PBG20,DSENEW20171,0,SPRING
2018,DSENEW,32.7,19.95,4.3,0.75,1.5,0,7.8,2.7,17.8,7.1,8.2,0,4.3,1.05,3.15,15.1,PBG20,DSENEW20181,1,SPRING
2019,DSENEW,32.6,13.95,7.95,0,0,0,10.05,4.3,16.5,1.5,3.9,0.15,0.9,24.3,3,53.65,PBG20,DSENEW20191,2,SPRING
2020,DSENEW,28.35,8.8,15,0.3,1.65,0,6.65,1.2,8.75,2.4,6.05,0,4.75,24.9,2.025,19.05,PBG20,DSENEW20201,3,SPRING
2017,DSENWE,39.8,24.55,5.2,0,0.15,0,1.8,4.05,11.3,1.2,5.55,0,0.75,8.4,2.6375,26.8125,PBG20,DSENWE20171,UNB,NA
2018,DSENWE,36.6,28.8,0.75,0,0,0,3.85,1.35,16.4,2.1,8.35,0,2.8,1.65,3.1,25,PBG20,DSENWE20181,UNB,NA
2019,DSENWE,47.95,31.05,2.1,0,0.15,0,7.3,9.55,11.95,0.15,6.55,0,1.35,14.9,3.075,43.2625,PBG20,DSENWE20191,UNB,NA
2020,DSENWE,30.6,13.45,0.75,0,0,0,6.25,1.8,8.95,0.15,17.45,0,0.9,14.3,2.8375,33.0625,PBG20,DSENWE20201,UNB,NA
2017,DSENWW,24.85,14.2,18.25,0,0,0,4,3.9,11.15,0.75,10.1,0,1.05,9.6,2.0875,17.125,PBG20,DSENWW20171,UNB,NA
2018,DSENWW,31.2,16.55,4.15,0,0,0,4.45,1.35,13.15,1.05,11.25,0,4.2,2.85,2.65,14.65,PBG20,DSENWW20181,UNB,NA
2019,DSENWW,39.25,6.75,3.45,0.15,0.9,0,1.05,12.45,19.6,0.9,3.6,0,9.65,8.2,2.35,28.2,PBG20,DSENWW20191,UNB,NA
2020,DSENWW,30.3,7.6,3.9,0.15,0.6,0,2.4,2.85,16.6,0.3,9.1,0,12.25,5.1,3.075,10.7875,PBG20,DSENWW20201,0,SPRING
2017,DSESEE,37.14286,13.61905,14.38095,3.714286,1.809524,0,2.714286,6.190476,14.38095,1.428571,7.714286,0,1.285714,6.428571,3.047619,31.54762,PBG20,DSESEE20171,UNB,NA
2018,DSESEE,25.5,6.55,7.65,0,10.75,0.15,9.05,5.2,13.45,4.45,4.65,0,8.8,3,2.6,6.75,PBG20,DSESEE20181,0,SPRING
2019,DSESEE,29,1.05,8.35,0.75,1.5,0,4.35,12.25,24.15,2.4,8.05,0,9.8,10.7,2.525,21.0125,PBG20,DSESEE20191,1,SPRING
2020,DSESEE,27.25,5.35,13.75,0.15,0,0,0.9,1.65,13.65,0.75,4.5,0,4.75,3.6,2.2,10.825,PBG20,DSESEE20201,2,SPRING
2017,DSESEW,29.65,28.75,11,0,1.8,0.9,3.45,6.4,9.25,3.1,5.1,0,2.1,7.5,2.6625,23.1875,PBG20,DSESEW20171,UNB,NA
2018,DSESEW,49.2,18.5,1.8,0,5,0,5.8,3.15,15.95,1.2,6.8,0,0.9,3.6,3.05,14.85,PBG20,DSESEW20181,UNB,NA
2019,DSESEW,38.55,10.2,4.8,0,0,0,7.55,9.95,9.4,1.45,4.6,0,1.8,24.3,2.3375,49.475,PBG20,DSESEW20191,UNB,NA
2020,DSESEW,35.57142857,11.66666667,10.47619048,1,4.333333333,0,4.285714286,3.714285714,17.95238095,0.285714286,5.571428571,0,2.285714286,14.85714286,2.166666667,34.36904762,PBG20,DSESEW20201,UNB,NA
2017,DSESWE,26.52632,24.94737,5.526316,0,19.94737,0,1.263158,11.21053,14.78947,0.947368,2.526316,0,1.578947,6.736842,2.539474,14.01316,PBG20,DSESWE20171,UNB,NA
2018,DSESWE,26,29.75,10.6,0,0,0,3.9,10.3,21.05,1.05,4.05,0,1.35,1.5,3.1,15.85,PBG20,DSESWE20181,UNB,NA
2019,DSESWE,18.95,29.5,1.95,0,0.15,0,3.4,3.3,15.95,1.05,1.95,0,21.15,22.15,1.2125,9.725,PBG20,DSESWE20191,0,SPRING
2020,DSESWE,21.45,19.5,16.45,2.85,0.45,0,2.4,7.2,20.15,0.6,3.3,0,8.2,21.25,1.8625,19.8,PBG20,DSESWE20201,1,SPRING
2017,DSESWW,27.95,46.9,6.2,0.15,4.55,0,0.9,3.15,10.3,1.35,4.15,0,3.3,6.45,2.5625,14.425,PBG20,DSESWW20171,UNB,NA
2018,DSESWW,15.1,31.3,3.8,0,0,0,3.3,4.4,14.35,0,5.85,0,5.2,1.8,2.85,15.2,PBG20,DSESWW20181,UNB,NA
2019,DSESWW,39,26.85,0.6,0,8.8,0,1.35,8.9,11.4,0.15,4.9,0,1.35,18.35,2.5125,53,PBG20,DSESWW20191,UNB,NA
2020,DSESWW,20.75,24.15,1.35,0.3,0,0,0.45,1.8,6.7,0.15,6.55,0,0.75,18.35,2.9375,32.275,PBG20,DSESWW20201,UNB,NA
2017,DSWNEE,35.45,29.9,5.25,0,0.45,0.15,4.6,2.85,15,2.85,5.2,0,4.2,7.05,2.3125,22.9375,PBG40,DSWNEE20171,UNB,NA
2018,DSWNEE,28.85,16.8,0.15,0,0.75,0,5.35,0.3,20.1,4.7,2.7,0,6.4,1.95,1.65,12.8,PBG40,DSWNEE20181,0,SPRING
2019,DSWNEE,34.45,15.2,7.4,0,0.9,0,6.15,5.8,27.7,0.3,1.05,0,2.1,8.6,2.0875,21.825,PBG40,DSWNEE20191,1,SPRING
2020,DSWNEE,28.45,14.7,12.35,1.65,1.2,0,4.05,2.25,12.55,0,2.85,0,9.3,26.55,1.675,22,PBG40,DSWNEE20201,2,SPRING
2017,DSWNEW,40.45,30.65,8.5,0,4.2,0.15,5.65,3.45,11.2,1.35,12.2,0,1.05,6.45,2.575,25,PBG40,DSWNEW20171,UNB,NA
2018,DSWNEW,16.85,14.15,0.3,0.15,3.3,0,5.85,0.3,12.5,0.3,9.35,0,8.65,1.35,1.5,10.5,PBG40,DSWNEW20181,0,SPRING
2019,DSWNEW,34.89474,7.684211,3.473684,0,0,0,13.36842,5.473684,20.57895,5.526316,5.315789,0,0.947368,10.94737,2.539474,25.76316,PBG40,DSWNEW20191,1,SPRING
2020,DSWNEW,33.9,5.25,5.15,0.3,0.3,0,3.6,0.9,17.75,1.2,8.85,0,1.95,10.75,2.1,20.3,PBG40,DSWNEW20201,2,SPRING
2017,DSWNWE,54.05,25.7,4.45,0,0.15,0,1.95,1.2,6.6,0.3,8.5,0,1.8,13.1,3.0875,26.6875,PBG40,DSWNWE20171,UNB,NA
2018,DSWNWE,47.26316,9.578947,4.105263,0,0,0,5,0.157895,14.31579,0.315789,10.47368,0,1.263158,4.894737,4.052632,36.36842,PBG40,DSWNWE20181,UNB,NA
2019,DSWNWE,45.11765,17.29412,0.882353,0,0,0,6.941176,0.352941,8.352941,1.764706,10.35294,0,0.352941,14.11765,2.911765,58.98529,PBG40,DSWNWE20191,UNB,NA
2020,DSWNWE,28.55,5.25,6.3,0.45,0.6,0,4.5,0.6,5.8,0,8.1,0,10.55,42.9,1.625,20,PBG40,DSWNWE20201,0,SPRING
2017,DSWNWW,41.2,38.35,4.15,0,0,0,4.35,1.65,16.15,0.6,10.3,0,0.75,5.85,3.175,22.375,PBG40,DSWNWW20171,UNB,NA
2018,DSWNWW,34.2,24.85,3,0,0,0,5.7,2.2,18.7,0.9,14.65,0,3.8,5.55,4.05,29.95,PBG40,DSWNWW20181,UNB,NA
2019,DSWNWW,34.2,24.85,3,0,0,0,5.7,2.2,18.7,0.9,14.65,0,3.8,5.55,4.05,29.95,PBG40,DSWNWW20191,UNB,NA
2020,DSWNWW,30.05,5.7,1.95,0.9,1.95,0,7.8,0.15,14.25,0.15,9.3,0,6.25,14.3,1.8375,14.0625,PBG40,DSWNWW20201,0,SPRING
2017,DSWSEE,27.05,28,8.6,3.45,0.15,0,3.9,1.8,17.65,3.3,7.75,0,0.3,14.2,2.6,23.875,PBG40,DSWSEE20171,UNB,NA
2018,DSWSEE,33.05,19.85,7.5,0.15,0,0,4.8,1.35,14.4,3.9,7.3,0,3.85,6.1,3.85,18.55,PBG40,DSWSEE20181,UNB,NA
2019,DSWSEE,7.6,3.7,18.85,3.15,3.55,0,18.95,0.3,14.9,3.8,1.35,0.15,8,4,2.85,2.925,PBG40,DSWSEE20191,0,SPRING
2020,DSWSEE,23.3,4.05,25.25,1.65,1.2,0,7.1,1.95,24.45,0.6,1.65,0,5.7,10.7,2.35,7.0875,PBG40,DSWSEE20201,1,SPRING
2017,DSWSEW,28.6,20.2,14.9,0.15,4.1,0,3.75,3.6,11.75,0.9,3.1,0,0.9,11.95,2.2,19.0625,PBG40,DSWSEW20171,UNB,NA
2018,DSWSEW,30.25,17.35,2.25,0,0,0,7.05,0.3,17.15,1.8,1.05,0,4.4,4.2,3.8,21.85,PBG40,DSWSEW20181,UNB,NA
2019,DSWSEW,18.75,6.583333,5.666667,0,0.25,0,8.25,1.75,18.16667,1.75,3.5,0,24.91667,33.58333,1.583333,9.895833,PBG40,DSWSEW20191,0,SPRING
2020,DSWSEW,27.45,3.3,17.15,0.15,0.15,0,3.3,0.6,17.55,1.2,0.3,0,5.7,17.95,1.8125,6.4875,PBG40,DSWSEW20201,1,SPRING
2017,DSWSWN,27.75,24,11.15,0.6,0.3,0,3.3,5.65,7.2,1.8,6.6,0,5.55,2.7,1.7875,7,PBG40,DSWSWN20171,0,SPRING
2018,DSWSWN,38.2,21.6,4.65,0,3.15,0,9.05,5.2,13.55,3.1,10.15,0,4.45,1.2,4.05,8.15,PBG40,DSWSWN20181,1,SPRING
2019,DSWSWN,20.35,23.65,0,0,4.95,0,6.7,5.25,8,1.8,3,0,2.05,12.55,2.9125,34.9,PBG40,DSWSWN20191,2,SPRING
2020,DSWSWN,16.3,14.75,6.45,0.3,0.15,0,3.9,1.2,5.85,0.3,5.1,0,1.2,11.75,3.3125,26.675,PBG40,DSWSWN20201,3,SPRING
2017,DSWSWS,28,20.6,24.3,0.9,0.3,0,2.25,1.65,8.25,5.1,1.05,0,3.9,3.45,2.2,9.5,PBG40,DSWSWS20171,0,SPRING
2018,DSWSWS,29.8,21,21.9,2.8,8.25,0,6,1.65,21.75,2.95,2.8,0,4.5,7.65,3.9,12.45,PBG40,DSWSWS20181,1,SPRING
2019,DSWSWS,21.75,16.7,1.65,0,9.2,0,4.35,8.15,16.8,0,2.1,0,1.05,10.25,2.825,31.9375,PBG40,DSWSWS20191,2,SPRING
2020,DSWSWS,15.2,12.05,21.7,5.95,0.15,0,3.6,1.95,6.25,0,2.1,0,7.15,21.2,2.65,25.975,PBG40,DSWSWS20201,3,SPRING
2017,ENENEE,32.3,33.4,1.35,2.7,0,0,5.05,1.05,8.65,4.35,13.3,0,6.45,6.6,2.5125,21.75,PBG20,ENENEE20171,UNB,NA
2018,ENENEE,36.1,23.1,5.45,3.75,0.75,0,7.35,0,19.35,10.25,13.85,0,1.2,5.1,3.35,24.55,PBG20,ENENEE20181,UNB,NA
2019,ENENEE,33.55,22.55,4.15,9.85,7.6,0,14.8,4.55,17,19.7,16.65,0,9.85,23.9,2.3375,10.275,PBG20,ENENEE20191,0,FALL
2020,ENENEE,19.05,18.4,14.65,6.35,0.6,0,2.25,1.35,9.3,2.4,8.3,0,7.7,28.95,2.4125,32.1,PBG20,ENENEE20201,1,FALL
2017,ENENEW,27.2,19.6,6.1,7,0,0.15,4.6,2.25,20.05,10.65,8.9,0,0.45,6.45,2.5375,19.9375,PBG20,ENENEW20171,UNB,NA
2018,ENENEW,26.63158,7.894737,1.736842,4.210526,3.578947,0,16.10526,5.526316,34.10526,16.21053,13.84211,0,7.157895,2.368421,2.736842,10.84211,PBG20,ENENEW20181,0,SPRING
2019,ENENEW,36.7,13.25,8.7,11.35,0.75,0,18.2,8.45,30.65,17.35,16.65,0,2.65,22.35,3.4375,10.2875,PBG20,ENENEW20191,1,SPRING
2020,ENENEW,19.6,5.1,4.85,9.2,0,0,1.2,1.05,13.1,1.65,4.95,0,1.8,10.7,3.7125,32.3875,PBG20,ENENEW20201,2,SPRING
2017,ENENWE,42.85,9.5,12.6,0.9,0,0.15,1.35,2.2,17.15,3.85,11.9,0,1.35,8.1,2.5125,22.0625,PBG20,ENENWE20171,UNB,NA
2018,ENENWE,58.55,10.45,7.2,2.2,0,0,4.35,0.75,24,2.4,14.5,0.75,1.35,4.65,2.95,20.95,PBG20,ENENWE20181,UNB,NA
2019,ENENWE,43.2,22.1,20.1,2.65,3.15,0,22.85,9.6,27.65,11.4,16.25,0,1.9,30.35,3.1875,19.575,PBG20,ENENWE20191,UNB,NA
2020,ENENWE,21.1,11.8,11.65,0.45,0,0,0.75,0.3,16.65,0.15,18.35,0,1.5,27.75,2.95,43.0125,PBG20,ENENWE20201,UNB,NA
2017,ENENWW,31.5,2.85,28.55,0,4.55,0,1.35,3.45,30.05,3.45,6.9,0,3.3,4.65,2.0375,14.0625,PBG20,ENENWW20171,UNB,NA
2018,ENENWW,40.75,3.6,7.45,1.8,9.05,0,2.4,4.25,33.3,1.2,7.7,0,5.85,3,1.95,11.25,PBG20,ENENWW20181,UNB,NA
2019,ENENWW,29.9,2.65,26.15,0,20.2,0,15.15,7.8,32.65,9.1,11.35,0,18.2,31.9,0.6375,6.425,PBG20,ENENWW20191,0,SPRING
2020,ENENWW,32.35,3.4,14.45,0.3,1.2,0,2.85,1.05,34.35,0.15,2.25,0,6.3,10.65,1.9125,7.95,PBG20,ENENWW20201,1,SPRING
2017,ENESEE,37.25,8.1,11.45,0.15,0.15,0,0.9,13.45,18.3,6.4,7.6,0,4.35,4.65,1.425,6.25,PBG20,ENESEE20171,0,SPRING
2018,ENESEE,44.55,13,4.95,0.15,5.35,0,3.55,10.45,24.05,2.4,6.8,0,8.5,1.5,1.35,8.5,PBG20,ENESEE20181,1,SPRING
2019,ENESEE,28.9,25.35,11.75,0,1.9,0,12.15,21.2,20,24.25,7.95,0,18.2,84.05,0.9875,11.275,PBG20,ENESEE20191,2,SPRING
2020,ENESEE,36.95,11.75,2.55,0.15,1.2,0,1.2,5.85,8.25,1.05,6,0,0.9,12.9,2.7625,26.875,PBG20,ENESEE20201,3,SPRING
2017,ENESEW,50.45,5.35,11,0.9,2.35,0,1.65,15.75,10,7.75,3.75,0,1.95,10.8,1.6375,14.5625,PBG20,ENESEW20171,UNB,NA
2018,ENESEW,43.4,7.25,14.3,0.9,10.35,0,3.45,12,24.25,13.9,5.85,0,8.2,1.65,1.7,8.35,PBG20,ENESEW20181,0,FALL
2019,ENESEW,26.6,7.2,17.75,0,7.95,0,19.75,22.35,20.8,23.1,8.3,0,22.75,78.5,1.2125,9.675,PBG20,ENESEW20191,1,FALL
2020,ENESEW,28.85,1.8,11.05,0.3,1.2,0,0,2.25,12.5,0.75,5.9,0,4.95,26,1.75,22.875,PBG20,ENESEW20201,2,FALL
2017,ENESWN,27.3,6.25,32.15,0,0.9,0,3.6,2.4,20.8,1.05,8.95,0,4.65,7.2,1.9,16.8125,PBG20,ENESWN20171,UNB,NA
2018,ENESWN,44.5,6.9,8.95,0.9,3.9,0,6.15,1.2,22.55,0.45,8.45,0,5.7,2.85,2.05,16.75,PBG20,ENESWN20181,UNB,NA
2019,ENESWN,23.85,6.4,23.5,0,8.7,0,15.1,8.35,27.75,11.4,9.85,0,14.4,62.65,1.6125,16.2625,PBG20,ENESWN20191,UNB,NA
2020,ENESWN,13.15,0.9,3,0,7.3,0,1.5,0,13,0.75,4.05,0,22.45,24.2,1.0875,3.7625,PBG20,ENESWN20201,0,SPRING
2017,ENESWS,10.7,2.25,19.8,20,0.3,0,0.3,11,4.35,4.3,0.15,0,3.9,6,1.5,9.75,PBG20,ENESWS20171,UNB,NA
2018,ENESWS,12.5,0.3,27,29.1,3.3,0,0.9,17.8,12.4,7.2,2.65,0,5.8,2.85,1.85,8.95,PBG20,ENESWS20181,UNB,NA
2019,ENESWS,17.05,5.7,27.5,11.75,10.25,0,3.8,24.65,27.3,20.1,0,0,19,88.5,1.325,9.8625,PBG20,ENESWS20191,UNB,NA
2020,ENESWS,9.35,0.15,53.45,0.9,0,0,0.15,3.25,5.75,0.75,0.75,0,5.9,13.8,1.5875,21.3625,PBG20,ENESWS20201,UNB,NA
2017,ENWNEE,37.25,9.65,9.05,1.2,0.3,0,3,4.95,22.4,1.8,9.1,0,2.55,6.55,2.2625,15.625,PBG40,ENWNEE20171,UNB,NA
2018,ENWNEE,20.7,6,11.8,0.3,0.9,0,10.7,0.45,42.1,4.15,8.2,0,12.35,2.1,2.6,5,PBG40,ENWNEE20181,0,SPRING
2019,ENWNEE,17.3,12.5,18.15,0,0,0,24.25,12.9,28.8,28.5,12.85,0,21.9,64.9,1.45,6.4375,PBG40,ENWNEE20191,1,SPRING
2020,ENWNEE,34.25,4.35,9.5,1.8,0.15,0,2.55,0,36.65,0.3,4.35,0,2.55,13.8,1.975,24.825,PBG40,ENWNEE20201,2,SPRING
2017,ENWNEW,55.2,6.05,11.6,0.3,0,0,3.6,0.45,23.2,1.2,8.45,0,2.1,8.95,2.2125,18.8125,PBG40,ENWNEW20171,UNB,NA
2018,ENWNEW,26.35,4.5,8,0,0.9,0,8.35,0.9,36.15,2.1,6.6,0,8.05,2.4,2.35,7.1,PBG40,ENWNEW20181,0,SPRING
2019,ENWNEW,19.6,12.5,22.35,3.8,0,0,25,12.15,26.5,30.4,12.1,0,15.85,73.15,1.85,9.125,PBG40,ENWNEW20191,1,SPRING
2020,ENWNEW,33.45,3,7.45,0.9,0.75,0,5.35,0.3,29.25,0.6,7.45,0,4.15,15.25,1.8125,25.8625,PBG40,ENWNEW20201,2,SPRING
2017,ENWNWE,24.3,11.5,10.6,2.35,0,0,5.65,0.75,21.25,2.85,6.45,0,9.05,3.6,1.5375,6.9375,PBG40,ENWNWE20171,0,SPRING
2018,ENWNWE,25.94737,24.21053,4.526316,0.315789,5.263158,0,16.78947,0.473684,35.94737,3.789474,10.21053,0,3.631579,2.368421,3.947368,9.684211,PBG40,ENWNWE20181,1,SPRING
2019,ENWNWE,26.45,20.05,16.8,1.9,3.9,0,21.6,8.7,37.25,13.65,14.4,0,0,27.65,2.9,13.7125,PBG40,ENWNWE20191,2,SPRING
2020,ENWNWE,16,9.6,8.05,0.3,0,0,3.9,0.15,19.5,0.9,4.15,0,3,32.3,1.85,20.9125,PBG40,ENWNWE20201,3,SPRING
2017,ENWNWW,26.8,14.55,7,1.05,0,0.75,1.2,0,12.75,3.75,8.2,0,9.9,3,1.7625,7.8125,PBG40,ENWNWW20171,0,SPRING
2018,ENWNWW,22.7619,19.2381,7.952381,0,0.714286,0,6.619048,0.714286,27.47619,5.904762,12.95238,0.714286,0.428571,0.285714,4.095238,9.238095,PBG40,ENWNWW20181,1,SPRING
2019,ENWNWW,23.15,19.45,8.35,0,0.75,0,6.2,0,28.1,6.2,12.85,0,0.3,0.3,4.25,9.15,PBG40,ENWNWW20191,2,SPRING
2020,ENWNWW,19.75,11.15,17.7,3.4,0.6,0,0.15,0.15,11.3,0.15,3.3,0,6.65,42.65,2.2875,33.7,PBG40,ENWNWW20201,3,SPRING
2017,ENWSEE,31.3,14.9,17.8,4.3,0,0,2.1,7,18.25,3.85,5.25,0,4.6,8.9,1.7375,13.1875,PBG40,ENWSEE20171,UNB,NA
2018,ENWSEE,31.47368,5.789474,15,2.210526,2.526316,0,4.210526,0.157895,32.21053,2.473684,10.42105,0,6.789474,4.421053,2.578947,8.157895,PBG40,ENWSEE20181,UNB,NA
2019,ENWSEE,26.5,14.35,13.6,0,7.2,0,15.55,11.35,22.7,17.85,16.7,0,20.45,72.7,1.25,8.925,PBG40,ENWSEE20191,UNB,NA
2020,ENWSEE,24.8,1.8,15.2,1.65,0.15,0,2.4,5.35,17,0.6,2.7,0,16.2,19.5,1.25,13.9375,PBG40,ENWSEE20201,0,SPRING
2017,ENWSEW,53.75,13.45,8.45,2.2,0.45,0,3,4.45,24.3,3.6,3.45,0,4.15,8.95,2.0625,22.25,PBG40,ENWSEW20171,UNB,NA
2018,ENWSEW,28.4,23.7,10.2,0,0.9,0,3.45,0,22.8,2.5,3.7,0,2.25,7,2.85,14.45,PBG40,ENWSEW20181,UNB,NA
2019,ENWSEW,31.47059,9.764706,9.352941,0,3.117647,0,11.11765,6.705882,29.47059,26.82353,12,0,14.23529,82.58824,1.529412,11.13235,PBG40,ENWSEW20191,UNB,NA
2020,ENWSEW,24.15,6.3,6.25,0.45,1.35,0.15,1.2,0.15,11.75,0.15,2.4,0,22.8,29,1.275,11.075,PBG40,ENWSEW20201,0,SPRING
2017,ENWSWE,35,2.95,17.55,6.75,3.45,0,1.35,6.5,21.35,5.25,2.95,0,3.3,7.15,1.7875,16.375,PBG40,ENWSWE20171,UNB,NA
2018,ENWSWE,29.15,4.3,9.25,2.25,6.7,0,2.55,0.9,30.35,4.15,7.75,0.1,1.35,6,2.7,12.15,PBG40,ENWSWE20181,UNB,NA
2019,ENWSWE,17.15,8.85,30.35,1.9,17.55,0,13.65,6.8,35.25,14.5,8.35,0,20.85,24,0.725,0,PBG40,ENWSWE20191,0,SPRING
2020,ENWSWE,18.15,1.95,12.55,0,1.2,0,0.15,1.5,23.45,1.05,1.5,0,10.3,14.9,1.675,6.55,PBG40,ENWSWE20201,1,SPRING
2017,ENWSWW,39.65,2.55,9.6,5.6,0.9,0,1.8,3.15,33.2,5.5,0,0,4.05,4.8,1.8625,11.575,PBG40,ENWSWW20171,UNB,NA
2018,ENWSWW,52.4,1.2,5.1,1.95,2.25,0,1.8,1.8,32,7.3,0.9,0,7.15,6,2.25,13.15,PBG40,ENWSWW20181,UNB,NA
2019,ENWSWW,31.1,1.5,21.9,0,13.25,0,12.15,4.55,47.1,15.15,1.9,0,8.7,31.9,0.95,6.2625,PBG40,ENWSWW20191,0,SPRING
2020,ENWSWW,21.75,2.4,22.35,2.55,1.95,0.15,0,0.75,23.5,0,0.3,0,11.4,30.2,1.725,26.8875,PBG40,ENWSWW20201,1,SPRING
2017,ESENEE,29.2,26.65,11,1.05,2.35,0.15,4.95,3.85,11.75,0,5.95,0,2.25,13.75,2.2125,16.1875,PBG20,ESENEE20171,UNB,NA
2018,ESENEE,46,14.63158,8.052632,0.947368,5.684211,0,6.736842,2.368421,19.31579,0.315789,7.263158,0,2.368421,6.263158,2.263158,14.84211,PBG20,ESENEE20181,UNB,NA
2019,ESENEE,33.42105,13.52632,21.68421,4,8.473684,0,18.73684,19.57895,26,2,23.26316,0,2,27.94737,2.328947,10.68421,PBG20,ESENEE20191,0,FALL
2020,ESENEE,33.4,5.4,2.1,0,0,0,2.55,1.05,9.6,0.15,4.35,0.15,2.1,24.2,1.8,24.3875,PBG20,ESENEE20201,1,FALL
2017,ESENEW,27.25,13.55,18,0.15,1.9,0,1.8,16.35,12.2,0.3,6.8,0,3.3,12.5,1.9875,15.4375,PBG20,ESENEW20171,UNB,NA
2018,ESENEW,31.5,6.25,10.3,0.3,3.45,0,5.85,6.7,21.15,0.9,7.7,0,20.35,2.25,1.9,9.05,PBG20,ESENEW20181,0,SPRING
2019,ESENEW,31.4,6.05,12.1,0,8.35,0,9.05,14,31.1,6.45,11.7,0,1.5,29.95,1.8875,0,PBG20,ESENEW20191,1,SPRING
2020,ESENEW,34.75,2.85,12.3,0.15,0,0,1.5,1.65,15.5,1.05,7.85,0,6.2,25.95,1.5125,22.625,PBG20,ESENEW20201,2,SPRING
2017,ESENWE,47,3.1,20.45,1.05,0,0,0.3,7.25,14.3,1.2,11.6,0,6.1,19.9,2.4875,19.0625,PBG20,ESENWE20171,UNB,NA
2018,ESENWE,58.65,0.9,5.4,6.6,0.9,0,5.1,4.15,19.4,0.75,8.45,0,2.1,7.45,2.3,17.95,PBG20,ESENWE20181,UNB,NA
2019,ESENWE,27.65,7.95,15.15,0.75,3.8,1.9,11.35,9.45,20.75,11.4,14.75,0,1.9,79.7,1.7375,18.475,PBG20,ESENWE20191,UNB,NA
2020,ESENWE,40.8,3,10.4,0,0.3,0,1.65,0.15,9,0.9,6.1,0,3.85,16.7,1.9,41.8875,PBG20,ESENWE20201,UNB,NA
2017,ESENWW,41.05,4.3,19.85,0,0.9,0,3,5.05,23.65,0.3,0.9,0,2.4,7.8,1.7875,11.3125,PBG20,ESENWW20171,UNB,NA
2018,ESENWW,44.5,2.55,12.9,0.45,2.1,0,2.4,2.95,23.7,1.95,4,0.05,5.25,6.85,1.85,15.4,PBG20,ESENWW20181,UNB,NA
2019,ESENWW,23.05,7.15,21.2,0,2.65,0,16.7,24.65,23.05,5.7,2.65,0,11.5,34.75,0.875,7.1,PBG20,ESENWW20191,0,SPRING
2020,ESENWW,20.05,2.1,8.35,0,1.5,0,1.35,1.35,10.25,0.9,1.5,0,13.9,38.3,1.15,13.3875,PBG20,ESENWW20201,1,SPRING
2017,ESESEE,27.85,12.8,4.75,0.6,1.35,0,9.5,0.45,9.45,3.15,4.9,0,24.55,5.4,1.3875,6.625,PBG20,ESESEE20171,0,SPRING
2018,ESESEE,58.75,5.95,6.15,0.45,2.05,0,10.6,4.15,17,1.65,10,0,7.25,2.4,2.6,11.75,PBG20,ESESEE20181,1,SPRING
2019,ESESEE,58.75,5.95,6.15,0.45,2.05,0,10.6,4.15,17,1.65,10,0,7.25,2.4,2.6,11.75,PBG20,ESESEE20191,2,SPRING
2020,ESESEE,31.1,4.35,3.45,0,0,0,NA,0.75,8.95,1.2,3.4,0,3.75,32.35,1.7125,26.85,PBG20,ESESEE20201,3,SPRING
2017,ESESEW,47.2,11.5,11.05,1.05,0,0.15,2.7,5.35,9.25,0.3,10.1,0,0.9,21.25,2.475,20.75,PBG20,ESESEW20171,UNB,NA
2018,ESESEW,58.8,8.75,2.55,3.15,0.3,0,8.75,3.6,14.6,0.15,8.3,0,6.55,4.05,2.35,10.95,PBG20,ESESEW20181,0,FALL
2019,ESESEW,30.05,7.55,14.05,3.15,1.9,0,13.6,9.85,23.45,12.15,20.5,0,4.55,28.9,1.5625,14.3375,PBG20,ESESEW20191,1,FALL
2020,ESESEW,28.55,1.8,7.65,0.6,2.7,0,2.7,0.6,10.8,0,5.8,0,12,42.05,1.975,31.1375,PBG20,ESESEW20201,2,FALL
2017,ESESWN,43.35,16.55,12.15,1.05,0.3,0,3.6,0.3,8.2,12.65,7.25,0,1.05,17.25,2.5375,24.9375,PBG20,ESESWN20171,UNB,NA
2018,ESESWN,54.9,12.65,3.3,1.05,0.75,0,11.75,2.4,14.7,7.35,8.2,0,3.1,5.25,2.55,24.35,PBG20,ESESWN20181,UNB,NA
2019,ESESWN,40.9,14.4,9.2,4.55,2.65,0,21.85,9.45,19.3,11.1,15.15,0,0,31.2,2.8125,17.7,PBG20,ESESWN20191,UNB,NA
2020,ESESWN,13.1,2.4,7.05,0.75,2.85,0,4.15,0.9,7.55,1.65,2.25,0,31.15,52.7,1.275,12.5125,PBG20,ESESWN20201,0,SPRING
2017,ESESWS,43.3,9.35,14.2,2.65,0,0,1.65,0.9,7,1.2,11.05,0,0.45,13.55,2.8625,21.375,PBG20,ESESWS20171,UNB,NA
2018,ESESWS,54.5,4.6,7.2,1.8,0.3,0,6.7,1.65,15.95,0.9,7.7,0,2.55,6.55,2.65,20.45,PBG20,ESESWS20181,UNB,NA
2019,ESESWS,39.75,9.2,22,3.8,3.4,0,17.8,11.4,29.2,2.65,7.95,0,0,36.8,2.725,19.9,PBG20,ESESWS20191,UNB,NA
2020,ESESWS,30.7,4.2,12.9,0.9,1.5,0,4.95,0.6,8.4,1.35,3.3,0,2.25,51.6,2.0625,45.2375,PBG20,ESESWS20201,UNB,NA
2017,ESWNEE,30.9,3.85,14.1,2.95,0,0,5.4,8.1,16.6,4,6.55,0,3.3,6.6,1.9375,14.5625,PBG40,ESWNEE20171,UNB,NA
2018,ESWNEE,12.1,3.4,16.75,0,2.55,0,7.15,0,31,2.1,13.95,0,0.75,0.3,2.9,12.15,PBG40,ESWNEE20181,UNB,NA
2019,ESWNEE,24.6,16.25,11.45,0,0,0,13.65,2.25,23.55,21.6,9.05,0,10.95,74.8,1.85,14.5625,PBG40,ESWNEE20191,UNB,NA
2020,ESWNEE,16.1,0.9,14.05,0.9,0.75,0,2.4,0.45,20,0.75,2.7,0,20.95,23.65,1.275,4.6125,PBG40,ESWNEE20201,0,SPRING
2017,ESWNEW,37.45,4.2,10,0.6,0,0,5.1,2.85,35.25,0.75,12.05,0,1.2,10.2,1.8,17.625,PBG40,ESWNEW20171,UNB,NA
2018,ESWNEW,20.05,6.5,18.2,0,4.55,0,15.7,0,22.4,0,8.45,0,0.15,0,3.2,12.55,PBG40,ESWNEW20181,UNB,NA
2019,ESWNEW,28.15,13.6,17.4,0,0.75,0,23.15,9.1,32.25,22.4,19.35,0,13.65,86.9,1.7875,17.4,PBG40,ESWNEW20191,UNB,NA
2020,ESWNEW,16.05,1.05,4.2,0,0.9,0,1.65,0.15,15.45,1.35,4.8,0,23.85,23.55,1.25,2.2125,PBG40,ESWNEW20201,0,SPRING
2017,ESWNWE,16.75,5.15,4.05,1.05,0,0,1.8,0.15,24.25,18.1,4.9,0,17.15,3,1.475,5.875,PBG40,ESWNWE20171,0,SPRING
2018,ESWNWE,30.90476,6.619048,4.666667,0,1.809524,0,5.666667,0.142857,32.14286,11.33333,12.14286,0,0.428571,0.428571,4.666667,11.61905,PBG40,ESWNWE20181,1,SPRING
2019,ESWNWE,39.75,10.25,13.25,2.65,1.9,0,11.75,2.65,28.9,17.05,17.4,0,0,27.65,2.9875,13.9625,PBG40,ESWNWE20191,2,SPRING
2020,ESWNWE,26.4,4,14.5,1.2,0.15,0,0.75,0,19.55,2.25,11.55,0,2.55,37.35,2.4125,43.2125,PBG40,ESWNWE20201,3,SPRING
2017,ESWNWW,18.35,3,6.3,0,0.3,0,1.5,0.15,21.85,4.05,12.35,0,23.45,4.8,1.45,5.5,PBG40,ESWNWW20171,0,SPRING
2018,ESWNWW,39.75,5.8,7.2,1.5,0.75,0,3.3,0.3,38.7,6.3,16,0,4.35,3.6,3.1,8.4,PBG40,ESWNWW20181,1,SPRING
2019,ESWNWW,30.21053,9.947368,22.84211,0,0,0,13.94737,0,35.63158,4,20.73684,0,4,19.05263,2.828947,15.30263,PBG40,ESWNWW20191,2,SPRING
2020,ESWNWW,31.15,1.35,5.7,0,0.15,0,1.5,0.15,22.95,0.3,6.3,0,0.9,25.35,2.375,31.4375,PBG40,ESWNWW20201,3,SPRING
2017,ESWSEE,43.4,6.65,12.65,0.75,0,0,4.5,0,17.8,1.05,9.1,0,0.9,10.2,1.925,16.625,PBG40,ESWSEE20171,UNB,NA
2018,ESWSEE,25.45,4.65,5.1,0.75,1.2,0,3.6,0,25.5,0.45,12.85,0,27.9,2.85,2,4.3,PBG40,ESWSEE20181,0,SPRING
2019,ESWSEE,21.15,11.35,8.35,1.9,0,0,20.8,1.9,28.8,5.7,12.5,1.9,20.8,67.65,1.475,6.425,PBG40,ESWSEE20191,1,SPRING
2020,ESWSEE,36.8,2.4,7.6,0.15,0,0,0.75,0,13.05,0,4.35,0,3.9,27.65,1.4,17.6875,PBG40,ESWSEE20201,2,SPRING
2017,ESWSEW,27.8,0.15,25.9,0,1.35,0,5.95,0,17.75,0.15,5.4,0,7.15,7.65,1.45,9.4375,PBG40,ESWSEW20171,UNB,NA
2018,ESWSEW,24.2,0,11.7,0.3,12.7,0,3.9,0.15,26.65,0.15,3.85,0,28.95,3,1.65,3.2,PBG40,ESWSEW20181,0,SPRING
2019,ESWSEW,21.9,0,30.35,0,12.9,0,25.4,5.7,20.75,14.8,9.85,1.9,18.5,64.75,1.0875,5.6125,PBG40,ESWSEW20191,1,SPRING
2020,ESWSEW,20.75,1.2,7.15,0,1.2,0,1.35,0,13.7,0.6,1.95,0,5.4,28.8,1.225,20.25,PBG40,ESWSEW20201,2,SPRING
2017,ESWSWE,39.1,0,24.35,0.15,0.15,0,3.4,0.6,21.2,0.15,4.45,0,3.6,11.3,1.6625,10.5625,PBG40,ESWSWE20171,UNB,NA
2018,ESWSWE,38.35,1.35,14.25,0.15,7.85,0,3.3,0.45,22.55,0.3,0.9,0,11.65,8.2,2.2,11.25,PBG40,ESWSWE20181,UNB,NA
2019,ESWSWE,22.7,0,25.35,0,16.3,0,7.2,4.55,19.6,10.6,7.55,0,20.8,32.25,0.5875,5.275,PBG40,ESWSWE20191,0,SPRING
2020,ESWSWE,16.55,0.15,19.6,0.9,3,0.15,1.05,0.75,21.4,0,5.35,0,18.75,38.6,1.55,16.1875,PBG40,ESWSWE20201,1,SPRING
2017,ESWSWW,40.4,7.55,11.15,11.1,0.15,0.3,1.05,2.4,21.25,4.3,11.7,0,0.9,14.85,1.9625,20.1875,PBG40,ESWSWW20171,UNB,NA
2018,ESWSWW,58.75,5,10.85,3.3,2.2,0,4.3,0.9,17.75,5.65,9.5,0,3.45,10.15,2.5,24.6,PBG40,ESWSWW20181,UNB,NA
2019,ESWSWW,31,0,27.3,5.75,7.95,0,9.85,5.7,27.5,7.95,18.55,0,21.75,17.4,1.4375,7.0875,PBG40,ESWSWW20191,0,SPRING
2020,ESWSWW,25.75,2.4,14.65,4.85,0.3,0,0.6,1.05,18.5,0,3.9,0,8.65,30.35,2.05,25.475,PBG40,ESWSWW20201,1,SPRING
2017,RMENEN,49.25,37.7,0.15,0,0,0,0.75,0,4.95,3.3,16.7,0,1.2,13,3.7375,17.8125,SLG,RMENEN20171,UNB,SLG
2018,RMENEN,37.15,13.9,3.75,0,2.25,0,1.5,7.05,9.4,0,12.25,0,6.9,0.75,3,12.4,SLG,RMENEN20181,UNB,SLG
2019,RMENEN,51.95,20.2,0.75,0,1.05,0,2.95,0.6,7.7,1.8,10.1,0,0.75,5.2,4.25,50.0875,SLG,RMENEN20191,UNB,SLG
2020,RMENEN,32.05,17.7,1.2,0.15,0.15,0,0.75,0,6.8,1.2,10.15,0,0.9,41.95,2.3,47.1375,SLG,RMENEN20201,UNB,SLG
2017,RMENES,28.85,47.7,1.05,0,0,0,0.75,8.85,4.5,0.75,1.95,0,1.2,13.65,3.4375,15,SLG,RMENES20171,UNB,SLG
2018,RMENES,24.95,2.85,17.1,0,6.5,0,3.1,2.4,14.2,0,1.9,0,19.35,0.75,2.65,10.1,SLG,RMENES20181,UNB,SLG
2019,RMENES,37.65,37.8,1.5,0,6.7,0,0.9,1.8,5.65,0,1.95,0,0.15,8.15,3.225,42,SLG,RMENES20191,UNB,SLG
2020,RMENES,21.35,27,1.9,0,0,0,1.05,1.05,5.5,0.45,4.2,0,0.75,37.85,2.6,45.475,SLG,RMENES20201,UNB,SLG
2017,RMENWN,36.2,40.15,0.45,0.15,0,0,1.65,9.6,4.95,2.35,9.05,0,1.5,14.9,3.45,16.5625,SLG,RMENWN20171,UNB,SLG
2018,RMENWN,28.15,6.05,6.8,0,3.4,0,6.1,2.85,21.35,0,1.05,0,13.65,1.65,2.8,9.65,SLG,RMENWN20181,UNB,SLG
2019,RMENWN,29.5,33.15,0.15,1.9,0.3,0,1.05,0.9,10.05,0.45,2.1,0,2.05,20.6,4.3625,55.875,SLG,RMENWN20191,UNB,SLG
2020,RMENWN,21.8,20.75,0,0,0,0,0.6,0.45,5.25,0.15,13.45,0,0.15,44.1,2.6,48.95,SLG,RMENWN20201,UNB,SLG
2017,RMENWS,35.7,33.1,3.75,0,0,0,1.95,3.45,12.85,0.6,5.5,0,3.6,14.9,2.4,14.125,SLG,RMENWS20171,UNB,SLG
2018,RMENWS,12.7,27.25,0.9,0,5.45,0,5,0,24.05,0.3,5.3,0,9.1,1.65,3.75,12.1,SLG,RMENWS20181,UNB,SLG
2019,RMENWS,31.15,30.7,0.9,0,5.8,0,1.2,2.95,10.5,0.15,2.55,0,1.9,11.75,4.9625,44.125,SLG,RMENWS20191,UNB,SLG
2020,RMENWS,20.05,23,1.05,0,0,0,1.05,0.6,6.3,0.3,7,0,3.7,44.1,2.2625,45.075,SLG,RMENWS20201,UNB,SLG
2017,RMESEN,32.05,32.75,1.8,0,0,0,1.5,5.5,11.95,1.2,3.45,0,4,13.1,2.275,14.0625,SLG,RMESEN20171,UNB,SLG
2018,RMESEN,19.7,36.3,2.65,0,5.3,0,1.65,0.3,14.85,0.75,8.35,0,14.3,0.15,2.95,11.2,SLG,RMESEN20181,UNB,SLG
2019,RMESEN,42.8,21.15,5.6,0,2.65,0,1.35,4,14.1,0.9,4.05,0,0.9,4.3,3.9875,30.7625,SLG,RMESEN20191,UNB,SLG
2020,RMESEN,24.85,21.7,2.95,0.15,0.9,0,1.8,0.9,7.45,0.15,13.9,0,3.45,22.75,2.6375,34.575,SLG,RMESEN20201,UNB,SLG
2017,RMESES,28.75,47.25,0.75,2.55,0,0,0.3,1.8,3.7,0.9,0.15,0,3.3,15.95,3.275,14.125,SLG,RMESES20171,UNB,SLG
2018,RMESES,23.35,40.7,3.4,0,0.75,0,2.25,0.75,11.3,0.15,16.5,0,1.2,0.9,4,17.6,SLG,RMESES20181,UNB,SLG
2019,RMESES,28.05,29.5,8.05,2.05,5.05,0,3.7,2.35,7.8,1.05,1.05,0,2.8,9.5,3.5625,32.4,SLG,RMESES20191,UNB,SLG
2020,RMESES,19.8,21.55,2.25,0.9,0,0,1.65,0.15,8.5,0.75,2.85,0,1.95,38,2.1875,28.7625,SLG,RMESES20201,UNB,SLG
2017,RMESWN,30.85,37.35,1.65,0,0.45,0,1.2,3.55,20,0.6,6.55,0,3.15,14.3,2.3625,15.5,SLG,RMESWN20171,UNB,SLG
2018,RMESWN,15.15,29.2,11.3,0.15,0.15,0,0.3,0.75,15.7,0.75,3.85,0.25,17.15,7.05,3.5,12.75,SLG,RMESWN20181,UNB,SLG
2019,RMESWN,29.95,28.4,8.95,0,4.65,0,1.2,1.65,20.65,0.9,4.6,0,2.8,2.25,4.2125,35.8875,SLG,RMESWN20191,UNB,SLG
2020,RMESWN,20.65,22.45,1.35,0.3,3.8,0,2.55,0.3,13.45,0,8.75,0,2.05,22.4,2.525,40.9,SLG,RMESWN20201,UNB,SLG
2017,RMESWS,31.3,35.9,0.9,0.75,0.3,0,1.35,2.4,6,0.9,1.2,0,3.15,14.4,2.05,11.375,SLG,RMESWS20171,UNB,SLG
2018,RMESWS,5.55,44.65,0,0,3.8,0,3,0.15,16.9,0,8.85,0,6.35,2.55,4.95,14.6,SLG,RMESWS20181,UNB,SLG
2019,RMESWS,36.6,30.55,7.3,0,2.65,0,2.7,4.45,6.4,2.05,1.35,0,2.05,4.5,3.8,41.0375,SLG,RMESWS20191,UNB,SLG
2020,RMESWS,21.85,30.75,0.9,0,0.15,0,1.35,0.3,3.9,0.15,4.3,0,0.9,26,2.5125,51.3375,SLG,RMESWS20201,UNB,SLG
2017,RNENEN,13.25,28.85,0,0,0,0,0,0.3,2.85,0,19.2,0,0.15,27.4,6.3625,36.625,SLG,RNENEN20171,UNB,SLG
2018,RNENEN,59.73684,23.21053,0,0,0,0,0.947368,0,6.105263,0,7.368421,0,1.578947,0,3,48.10526,SLG,RNENEN20181,UNB,SLG
2019,RNENEN,39.5,30.7,1.05,0.15,0,0,1.35,0.75,3.75,1.2,6.9,0,3.1,25.35,3.2875,56.175,SLG,RNENEN20191,UNB,SLG
2020,RNENEN,25.9,14.3,2.1,0,0,0,0.45,0.3,4.95,0,6.9,0,2.1,35.7,2.0625,26.825,SLG,RNENEN20201,UNB,SLG
2017,RNENES,19.05,21.65,0,0,0,0,0,0,3,0,9.65,0,1.05,36.6,5.7125,55,SLG,RNENES20171,UNB,SLG
2018,RNENES,44.4,31.2,0,0,0,0,0.45,0.6,5.5,1.95,1.2,0,0.75,6.8,3,46.7,SLG,RNENES20181,UNB,SLG
2019,RNENES,40.6,31,1.65,0.15,0,0,1.5,0.45,5.85,0.15,8,0,0.75,14.7,4.175,43.2625,SLG,RNENES20191,UNB,SLG
2020,RNENES,25.9,14.8,0.9,0,0,0,0.75,0,4.65,0.3,5.1,0,1.35,41.75,2.2875,37.525,SLG,RNENES20201,UNB,SLG
2017,RNENWN,24.95,21.55,0,0,0,0,0,0.15,2.25,0.15,11.3,0,0.9,29.55,4.4125,31.875,SLG,RNENWN20171,UNB,SLG
2018,RNENWN,43,29.55,0,0,0,0,0.15,0.15,5.4,0.9,4.75,0,1.05,7.35,2.8,38.55,SLG,RNENWN20181,UNB,SLG
2019,RNENWN,41.5,20.25,2.2,0.3,0.75,0,2.55,5.7,4.5,1.95,7.8,0,6.8,28,2.25,34.5875,SLG,RNENWN20191,UNB,SLG
2020,RNENWN,27.2,12.5,3.3,0.6,0.75,0,0.9,1.2,4.2,0.45,8.15,0,7.7,48,1.9625,23.725,SLG,RNENWN20201,UNB,SLG
2017,RNENWS,8.3,27.85,0,0,0,0,0,0,2.25,0.15,9,0,3.85,36.8,4.375,27.625,SLG,RNENWS20171,UNB,SLG
2018,RNENWS,39.6,29.4,0,0,2.65,0,0.15,0.15,9.85,2.95,4.9,0,1.5,8.1,2.6,40.3,SLG,RNENWS20181,UNB,SLG
2019,RNENWS,33.65,20.75,6.1,0.9,6.95,0,2.7,3.1,6.45,0.3,3.85,0,9.5,22,2.0625,17.225,SLG,RNENWS20191,UNB,SLG
2020,RNENWS,21.3,11.25,4.65,1.05,0.75,0,1.05,1.2,6,0,6.3,0,12.05,52.65,1.55,18.575,SLG,RNENWS20201,UNB,SLG
2017,RNESEN,5.3,19.8,0.75,0,0,0,0,0.3,2.85,0.9,11.55,0,5.9,37.05,5.025,28.375,SLG,RNESEN20171,UNB,SLG
2018,RNESEN,32.85,16.35,0,0,2.05,0,0.15,0.15,16.8,0,6.4,0,8.05,13.25,2.7,28.95,SLG,RNESEN20181,UNB,SLG
2019,RNESEN,16.65,32.75,9.35,2.65,5.7,0,1.35,4.3,5.65,1.65,5.35,0.15,2.1,11.75,3.5875,25.975,SLG,RNESEN20191,UNB,SLG
2020,RNESEN,17.8,19.95,1.2,0,1.65,0,1.2,0.9,5.7,0.15,6.45,0,3.55,39.65,1.8,29.4625,SLG,RNESEN20201,UNB,SLG
2017,RNESES,28,19.8,0,0,0,0,0,0,1.65,0.15,14.8,0,1.5,29.05,5.5875,39.625,SLG,RNESES20171,UNB,SLG
2018,RNESES,46.05,24.15,0,0,5.65,0,0.15,0.3,5.95,3.55,0.9,0,3.15,5.05,2.55,38.25,SLG,RNESES20181,UNB,SLG
2019,RNESES,30.8,43.1,4.5,0,0.15,0,0,0.3,2.25,0.15,8.5,0,0.9,1.65,4.5125,45.5875,SLG,RNESES20191,UNB,SLG
2020,RNESES,28.9,14.25,0.75,0,0,0,0.45,0.15,2.7,0.6,13.1,0,1.2,34.85,1.925,40.2375,SLG,RNESES20201,UNB,SLG
2017,RNESWN,18.55,26,1.8,0,0,0,0.15,0.15,4.9,0.45,12.5,0,2.55,21.45,6.6625,35,SLG,RNESWN20171,UNB,SLG
2018,RNESWN,46.1,18.75,0,0,4.55,0,0.15,0.45,7.05,0,1.8,0,3.4,8.05,2.65,22.35,SLG,RNESWN20181,UNB,SLG
2019,RNESWN,28.9,40,0.45,1.5,7.6,0,0.45,1.8,12.45,3.7,13.85,0.05,2.25,13.15,3.75,16.85,SLG,RNESWN20191,UNB,SLG
2020,RNESWN,20.05,17.6,7.1,0.75,5,0.15,0.45,1.2,9.6,0.6,9.9,0.75,1.95,43.3,2.2625,35.6875,SLG,RNESWN20201,UNB,SLG
2017,RNESWS,14.4,27.6,0.75,0,0,0,0.75,0,1.8,0,12,0,2.55,30.3,7.2625,30,SLG,RNESWS20171,UNB,SLG
2018,RNESWS,57.3,22.4,0,0,0,0,0,0.6,3.15,0,1.65,0,2.65,0.75,2.9,21.65,SLG,RNESWS20181,UNB,SLG
2019,RNESWS,26.7,44.5,1.5,0,0.75,0,5.4,1.05,3.9,0,16,0,6.1,0.3,4.2,15.7,SLG,RNESWS20191,UNB,SLG
2020,RNESWS,24.85,27.15,0.6,0.3,1.9,0,2.1,0.3,3,0.15,10.4,0,0.9,33.1,2.15,38.5625,SLG,RNESWS20201,UNB,SLG
2017,RNWNEE,37.7,11.75,9.25,0,6.8,0,0,0,0.6,2.05,6.95,0,4.15,7.9,1.4875,9.625,SLG,RNWNEE20171,UNB,SLG
2018,RNWNEE,36.05,18.2,4.25,0,0,0,1.05,0.15,6.6,0,6.9,0,4.5,6.6,4.55,21.45,SLG,RNWNEE20181,UNB,SLG
2019,RNWNEE,49.3,9.3,1.95,0.9,0.9,0,1.35,16.5,7.85,0.45,5.7,0,6.85,21.95,2.175,47.2625,SLG,RNWNEE20191,UNB,SLG
2020,RNWNEE,18.88461538,9.307692308,5.192307692,1.384615385,0.346153846,0,0.576923077,2.884615385,6.576923077,0.115384615,8.5,0,4.923076923,38.34615385,1.778846154,23.54807692,SLG,RNWNEE20201,UNB,SLG
2017,RNWNEW,12.35,5.65,9.4,0.75,1.5,0,0,0,7.3,0,0,0,17.55,21.45,1.0375,4.75,SLG,RNWNEW20171,UNB,SLG
2018,RNWNEW,36.3,47.05,0.75,0,0,0,0.15,0,9.05,0.75,12.4,0,1.65,0,4.25,15.55,SLG,RNWNEW20181,UNB,SLG
2019,RNWNEW,22.35,0.6,4.95,23.05,11.3,0,0.75,1.65,4.5,0,0,0,10.4,14.3,1.85,6.8375,SLG,RNWNEW20191,UNB,SLG
2020,RNWNEW,17.25,2.7,11.75,3.1,1.95,0,0.9,2.1,4.95,0,0.3,0,1.8,44.1,1.6125,27.8875,SLG,RNWNEW20201,UNB,SLG
2017,RNWNWN,23.4,0,0.75,3.8,1.5,0,0,2.7,6.9,0,3.9,0,8.25,26.55,1.0375,3.3125,SLG,RNWNWN20171,UNB,SLG
2018,RNWNWN,26.85,28.15,2.25,0.75,0.75,0,3,2.25,9.8,1.9,10.85,0.15,8.75,0,3.25,10.8,SLG,RNWNWN20181,UNB,SLG
2019,RNWNWN,45.55,4.95,11.2,0,2.35,0,0.9,22.35,11.7,0.15,1.5,0,0,3.45,2.4,13.6625,SLG,RNWNWN20191,UNB,SLG
2020,RNWNWN,21.25,7.7,2.4,0,0.3,0,1.2,3.15,6.75,0.3,2.85,0,1.95,41.75,1.5125,30.1,SLG,RNWNWN20201,UNB,SLG
2017,RNWNWS,27.55,20.4,5.15,4.9,0,0,0.9,0.6,9.2,1.5,4.55,0,1.5,8.8,1.55,6.375,SLG,RNWNWS20171,UNB,SLG
2018,RNWNWS,33.35,25.05,2.85,0.3,0,0,0.15,0.75,4.2,0.75,4.6,0,14.35,5.95,2.95,15.95,SLG,RNWNWS20181,UNB,SLG
2019,RNWNWS,23.6,25.9,1.8,2.05,5.9,0,2.7,3.85,13.6,0,5.15,0,10.5,8.15,3.175,17.9625,SLG,RNWNWS20191,UNB,SLG
2020,RNWNWS,17.5,22.3,3.75,0.45,1.8,0.15,1.2,3.7,7.75,0.15,7.25,0,4.3,47.3,2.5,32.725,SLG,RNWNWS20201,UNB,SLG
2017,RNWSEN,25.5,26.5,5.7,0.75,0,0,0,0,2.25,0.9,2.4,0,6.9,7.3,1.35,5.625,SLG,RNWSEN20171,UNB,SLG
2018,RNWSEN,15.5,36.5,1.9,0,6.55,0,4.9,1.95,9.65,0.75,15.05,0,10.15,0,4.2,8.65,SLG,RNWSEN20181,UNB,SLG
2019,RNWSEN,42.6,23.8,1.95,0.15,1.95,0,1.65,4.35,8.05,0.15,0.75,0,5.4,26.65,2.575,50.925,SLG,RNWSEN20191,UNB,SLG
2020,RNWSEN,14.9,14.25,5.5,0,0.75,0,1.65,4,3.3,0,4.45,0,4.2,45.75,1.825,27.25,SLG,RNWSEN20201,UNB,SLG
2017,RNWSES,45.05,15.9,0,0,0,0,0,0,1.35,0.15,11,0,6.5,8.15,2.2625,14.5625,SLG,RNWSES20171,UNB,SLG
2018,RNWSES,33.7,39.85,0.75,0,0,0,2.25,0.15,7.2,0,16.1,0,4.2,0.75,4.2,18.3,SLG,RNWSES20181,UNB,SLG
2019,RNWSES,42.05,24.15,3,1.8,0,0,6.15,0.45,9.75,0.55,10.1,0,0.75,28,3.0375,57.9375,SLG,RNWSES20191,UNB,SLG
2020,RNWSES,19.5,19,1.05,0,0,0,1.35,1.05,6.25,0.15,21.35,0,1.2,32.75,3.0625,45.8625,SLG,RNWSES20201,UNB,SLG
2017,RNWSWE,21.6,33.65,0.15,0,0.75,0,0.75,1.35,10.25,5.65,6.35,0,3.4,5.05,1.6875,8.5625,SLG,RNWSWE20171,UNB,SLG
2018,RNWSWE,28.9,40,0.45,1.5,7.6,0,0.45,1.8,12.45,3.7,13.85,0.05,2.25,13.15,3.75,16.85,SLG,RNWSWE20181,UNB,SLG
2019,RNWSWE,17.5,37.2,5.3,0.75,1.8,0,3.4,1.35,14.55,0.9,5.8,0,0.9,9.6,3.975,17.7625,SLG,RNWSWE20191,UNB,SLG
2020,RNWSWE,7.75,13.65,1.95,0,0.45,0,1.5,3,9.35,0.9,3.85,0,1.35,43.4,2.475,22.3,SLG,RNWSWE20201,UNB,SLG
2017,RNWSWW,22.15,42.9,1.5,0,0,0,0,1.35,4.05,3.95,6.45,0,0,6.45,2.6625,16.75,SLG,RNWSWW20171,UNB,SLG
2018,RNWSWW,26.7,44.5,1.5,0,0.75,0,5.4,1.05,3.9,0,16,0,6.1,0.3,4.2,15.7,SLG,RNWSWW20181,UNB,SLG
2019,RNWSWW,18.9,38.05,7.55,0,4.2,0,3.25,2.4,7.75,0,3.6,0,3.15,4.45,4.075,20.8875,SLG,RNWSWW20191,UNB,SLG
2020,RNWSWW,16.65,37.2,1.05,0.15,1.05,0,1.5,2.7,7.65,0.75,5.05,0,2.55,39.4,3.1125,40.1125,SLG,RNWSWW20201,UNB,SLG
2017,RSEMWE,39.2,25.3,7.35,4.55,0,0.15,4.6,2.4,10.6,3.45,2.95,0,2.55,12.45,2.225,13.8,SLG,RSEMWE20171,UNB,SLG
2018,RSEMWE,52.45,12.95,8.3,0,1.1,0.35,1.65,0.6,6,1.5,2.4,0,2.8,10.75,2.55,26.4,SLG,RSEMWE20181,UNB,SLG
2019,RSEMWE,30.7,24.3,2.75,0,6.2,0,2.15,3.6,11.2,0.35,1.95,0,2.55,4.2,3.025,25.525,SLG,RSEMWE20191,UNB,SLG
2020,RSEMWE,25.3,15.25,3.1,0,0.15,0,1.65,0.45,8.7,0.15,1.8,0,3,35.85,1.8,28.1,SLG,RSEMWE20201,UNB,SLG
2017,RSEMWW,55.3,25.1,7.3,0,0,0,2.55,3.3,10.1,0.45,8.6,0,0.75,19.5,3.25,27.52083,SLG,RSEMWW20171,UNB,SLG
2018,RSEMWW,67.5,16.5,0,0,1.5,0,0,0,1.8,0.9,4.15,0,0.75,4.65,2.85,51.45,SLG,RSEMWW20181,UNB,SLG
2019,RSEMWW,51.2,18.75,2.65,0,0.05,0,0.7,1.95,8.6,1.1,6.55,0,0,4.2,3.0625,47.775,SLG,RSEMWW20191,UNB,SLG
2020,RSEMWW,36.75,14.6,3.45,0.9,0.15,0,1.35,0.3,3.6,0.3,7.85,0,2.4,45.65,2.5625,42.0625,SLG,RSEMWW20201,UNB,SLG
2017,RSENWE,60.15,29.2,2.85,0.9,0,0,0,1.35,2.7,1.2,0.75,0,0.75,22.45,3.1,33.25,SLG,RSENWE20171,UNB,SLG
2018,RSENWE,60.65,15.85,4.9,0,0,0,0,0,0,4.15,0,0,0.75,10.85,2.6,47.95,SLG,RSENWE20181,UNB,SLG
2019,RSENWE,61.85,18.95,0.15,2.7,0,0,0,1.05,2.25,5.6,0,0,0,4.3,2.8,51.475,SLG,RSENWE20191,UNB,SLG
2020,RSENWE,31.2,12.4,1.35,0,0,0.15,0,0.3,1.8,0.75,1.9,0,0.45,52.95,2.1375,37.5125,SLG,RSENWE20201,UNB,SLG
2017,RSENWW,35.8,14.55,18.1,1.2,0,0,2.85,1.05,6.95,6.4,13.15,0,0.75,13.75,3,26.5625,SLG,RSENWW20171,UNB,SLG
2018,RSENWW,28.4,21.1,12.3,1.9,3.15,0,0.75,0,2.25,3.55,7.6,0.15,0,14.1,2.95,44.9,SLG,RSENWW20181,UNB,SLG
2019,RSENWW,43.85,22.55,0.75,0.6,0.2,0,2.2,2.55,7.7,4.85,7.8,0,0.85,5.05,2.875,38.525,SLG,RSENWW20191,UNB,SLG
2020,RSENWW,25.1,14.85,4.5,2.25,0.15,0,1.65,0.75,6.3,2.55,6.55,0,11.15,45.25,1.9,31.575,SLG,RSENWW20201,UNB,SLG
2017,RSESEN,38.8,28,1.5,12.65,0,0,0.45,0.3,4,2.1,0.15,0,0.6,20.6,2.2125,18.5,SLG,RSESEN20171,UNB,SLG
2018,RSESEN,32.2,26.25,4.9,0,0,9.8,0,0,0.75,0.9,0,0,1.9,16.9,2.35,21.5,SLG,RSESEN20181,UNB,SLG
2019,RSESEN,25.5,30.05,1.05,26.8,0,0,0.15,0.6,3.3,1.2,0.3,0.15,0.15,14.85,2.375,56.8625,SLG,RSESEN20191,UNB,SLG
2020,RSESEN,23.25,19.9,6.25,6.6,0.15,0,0.45,1.05,1.5,2.55,0,0,2.65,24.45,1.65,24.225,SLG,RSESEN20201,UNB,SLG
2017,RSESES,56.25,19.75,4.8,0.75,0,0,0.15,0.15,5.85,4.45,3.45,0,1.95,17.85,2.075,14.625,SLG,RSESES20171,UNB,SLG
2018,RSESES,53.55,17.1,0.75,0,1.5,0,0.75,0.15,1.8,0,2.25,0,3,15.75,1.9,22.55,SLG,RSESES20181,UNB,SLG
2019,RSESES,48.65,26.35,1.05,0.9,0,0,0.45,4.8,3.75,0.6,1.8,0,1.35,15.9,1.8375,36.6375,SLG,RSESES20191,UNB,SLG
2020,RSESES,30.6,15.1,3.95,2.8,0,0,0.45,3.55,4.2,2.95,2.85,0,2.85,32.45,1.55,24.3125,SLG,RSESES20201,UNB,SLG
2017,RSESWE,40.9,33.25,4.85,0.15,0.15,0,1.8,2.4,3.45,0.45,5.35,0,1.95,18.95,2.825,18.625,SLG,RSESWE20171,UNB,SLG
2018,RSESWE,48.5,27.1,4.35,0,0,0,0,0.15,6.15,0.75,1.95,0,2.25,21.95,2.55,38.75,SLG,RSESWE20181,UNB,SLG
2019,RSESWE,49.9,20.6,2.85,2.05,0,0,3,2.4,3,0.45,3.3,0.75,0.75,14.95,2.7125,50.475,SLG,RSESWE20191,UNB,SLG
2020,RSESWE,17.75,9.8,2.65,0,0.3,0,1.35,0.75,1.8,0,2.55,0,2.55,49.1,2.05,33.0375,SLG,RSESWE20201,UNB,SLG
2017,RSESWW,51.6,27.65,3.45,0,0.75,0,2.55,3.9,9.4,0.9,2.25,0,2.1,16.65,2.2,12.625,SLG,RSESWW20171,UNB,SLG
2018,RSESWW,44.85,23.05,1.2,0,0.75,0,4.75,0.3,6.6,0.45,2.1,0.75,2.1,14.85,2.35,31.7,SLG,RSESWW20181,UNB,SLG
2019,RSESWW,49.2,28.75,2.7,0,0,0,3.45,6.7,5.1,0.3,1.65,0,0.3,11.25,2.6875,57.1375,SLG,RSESWW20191,UNB,SLG
2020,RSESWW,27.8,17.7,6.55,0.75,1.2,0,1.8,1.2,5.65,0.15,7.15,0,4.75,50.35,2.225,39.2125,SLG,RSESWW20201,UNB,SLG
2018,WAA10C,53.85,3.85,6.95,0,0.3,0,1.5,0,25.4,4.45,15.5,0,5.1,12.4,2.9625,13.75,WAG,WAG10C20181,UNB,WAG
2019,WAA10C,35.08333,7,20.08333,30.5,14.25,1.583333,9.916667,1.583333,25,5.416667,15.91667,0,4.75,22.16667,2.666667,17.66667,WAG,WAG10C20191,UNB,WAG
2020,WAA10C,31.3,4.25,4.5,1.35,0.45,0,0.45,0,17.15,1.35,14.5,0,2.25,20.45,3.5375,33.85,WAG,WAG10C20201,UNB,WAG
2018,WAA10E,67.1,1.05,0.75,0,0,0,8.1,0.15,10.4,3.55,11.15,0,1.8,8.2,3.275,18.125,WAG,WAG10E20181,UNB,WAG
2019,WAA10E,66.04762,10.85714,11.61905,14.47619,0.761905,0,8,0,26.28571,5.904762,11.52381,0,3.333333,25.33333,3.095238,26.38095,WAG,WAG10E20191,UNB,WAG
2020,WAA10E,30.85,2.85,8.8,0.15,4.65,0,3,0.6,9.9,0.15,9.2,0,13.7,21.95,2.7625,26.7625,WAG,WAG10E20201,UNB,WAG
2018,WAA11C,62.7,0.75,6.75,0,1.35,0,3,0,17.6,0.15,5.1,0,4.95,9.45,2.525,19.0625,WAG,WAG11C20181,UNB,WAG
2019,WAA11C,49.25,5.4,18.1,6.5,7.6,0,8.4,0,27,1.9,23.45,0,1.6,34.7,3.475,31.0875,WAG,WAG11C20191,UNB,WAG
2020,WAA11C,20.7,1.8,4.95,0.6,0,0,1.35,0.15,14.8,0.15,7.9,0,2.7,32.95,2.3,29.425,WAG,WAG11C20201,UNB,WAG
2018,WAA11E,30.52381,17.95238,7.714286,0,1.428571,0,16.38095,0,15.14286,1.714286,15.38095,0,1.142857,1.142857,4.190476,15.05952,WAG,WAG11E20181,UNB,WAG
2019,WAA11E,39.85,20.5,22.7,7.6,5.7,0,20.6,0,25.4,2.4,17.7,0,0.8,35.8,3.9,34.5,WAG,WAG11E20191,UNB,WAG
2020,WAA11E,29.35,4.65,2.4,0.15,1.9,0,8.25,0,11.3,0.75,9,0,0.3,6.6,2.525,26.3625,WAG,WAG11E20201,UNB,WAG
2018,WAA12C,62.05,1.65,1.5,0.75,2.65,0,3.3,0,18.4,1.2,13.65,0,2.55,4.95,4.3625,18.3125,WAG,WAG12C20181,UNB,WAG
2019,WAA12C,54.6,19.8,10,0,0,4.25,3.8,0,21.6,0,18.8,0,1.6,31.4,4.2,56.95,WAG,WAG12C20191,UNB,WAG
2020,WAA12C,31.15,3.3,1.8,0.6,0.3,0,0.6,0,6.85,0.45,10.35,0,1.35,37.45,2.9875,40.25,WAG,WAG12C20201,UNB,WAG
2018,WAA12E,57.31579,4.947368,1.736842,0,3.736842,0,3.157895,0,10.31579,0.315789,12,0,2.842105,5.368421,3.723684,16.51316,WAG,WAG12E20181,UNB,WAG
2019,WAA12E,63.35,10,17.9,5.7,3.8,0,10.3,0,17.3,0,21.3,0,0.8,33.9,3.925,41.3375,WAG,WAG12E20191,UNB,WAG
2020,WAA12E,38.3,0.45,5.5,0,0,0,0.75,0,5.55,0.15,11.8,0,1.35,15.4,3.7375,36.5625,WAG,WAG12E20201,UNB,WAG
2018,WDD13C,35.25,24.75,4.05,0.3,8.35,0,8.05,0.9,12.65,8.5,13.8,0,7.7,9.4,3.0875,26.8125,WAG,WAG13C20181,UNB,WAG
2019,WDD13C,28.1,24.75,28.35,4.6,0,0,16.5,1.9,25.7,11.6,18.3,0,0.8,33.9,6.7375,39.8,WAG,WAG13C20191,UNB,WAG
2020,WDD13C,24.75,26.15,2.25,0.9,0.3,0,4.8,0.15,6.25,3.6,11.85,0,0.6,12.75,4.175,64.6875,WAG,WAG13C20201,UNB,WAG
2018,WDD13E,28.47619,9.428571,2.333333,1.809524,8.428571,0,15.57143,2.142857,10.38095,1.857143,16.80952,0,4.095238,2.095238,3.904762,15.64286,WAG,WAG13E20181,UNB,WAG
2019,WDD13E,26.05,18.3,19.5,9.2,3.8,0,14.3,8.1,30.1,8.4,14.5,0,14.55,34.7,5.6,21.925,WAG,WAG13E20191,UNB,WAG
2020,WDD13E,12.2,16.7,8,2.8,1.5,0,1.8,2.4,3.3,0.9,13.7,0,0.15,25.05,3.3625,58.325,WAG,WAG13E20201,UNB,WAG
2018,WDD14C,45.6,10.05,6.65,0,0,0,11.7,0,23,4.8,11.4,0,4.8,10.55,2.7125,25.3125,WAG,WAG14C20181,UNB,WAG
2019,WDD14C,23.7,20.9,9.5,15.2,15.2,0,25.55,0,19.9,15.1,27.6,0,3.8,38,3.55,15.9,WAG,WAG14C20191,UNB,WAG
2020,WDD14C,41.4,7.4,6.8,3.7,1.2,0,12.4,0,9.5,2.85,8.05,0,0.45,4.2,4.75,43.1,WAG,WAG14C20201,UNB,WAG
2018,WDD14E,35.65,10.55,0.15,0,0,0,14.45,0.15,26.45,0,13.7,0,2.65,0.6,3.3625,17.0625,WAG,WAG14E20181,UNB,WAG
2019,WDD14E,29.5,31.2,14.9,24.4,7.6,0,18.1,3.8,24.3,4.6,18.9,0,10.3,32.3,3,14.65,WAG,WAG14E20191,UNB,WAG
2020,WDD14E,24.95,11.05,6.35,0.15,0,0,12.1,0.3,17.15,0.45,7.9,0,2.1,11.45,2.9125,36.7875,WAG,WAG14E20201,UNB,WAG
2018,WDD15C,30.75,9.75,9.5,2.8,3.15,0,4.05,0.75,30,5.5,12.95,0,9.35,7,2.7875,12.1875,WAG,WAG15C20181,UNB,WAG
2019,WDD15C,25.9,24.7,27.2,16,8.4,0,18.9,5.4,22.1,14.25,14.3,0,9.5,22.8,3.25,13.8,WAG,WAG15C20191,UNB,WAG
2020,WDD15C,20.5,3.3,5.4,1.05,0,0,12.6,0.3,21.8,12.2,4.65,0,3.6,10.6,2.175,12.0125,WAG,WAG15C20201,UNB,WAG
2018,WDD15E,56.3,15.35,5.8,2.4,0,0,9.3,0,20.1,2.85,15.4,0,1.35,4.05,3.4875,19.625,WAG,WAG15E20181,UNB,WAG
2019,WDD15E,35,22.7,6.5,11.4,0,0,14,0,20.2,6.7,15.6,0,0,33.1,3.6,29.2,WAG,WAG15E20191,UNB,WAG
2020,WDD15E,19.9,10.4,8.05,4.4,0,0,13.2,0,8.15,2.85,10.35,0,0.9,10,3.1,29.9375,WAG,WAG15E20201,UNB,WAG
2018,WDD16C,38.4,7.35,16.7,0.75,0.3,0,9.9,0,30.85,4.35,5.7,0,5.1,9.35,3.3375,17.1875,WAG,WAG16C20181,UNB,WAG
2019,WDD16C,54.1,15.5,18.7,8.4,5.7,0,13.8,1.9,25.9,1.9,17.3,0,0,32.8,2.7125,38.575,WAG,WAG16C20191,UNB,WAG
2020,WDD16C,26.45,2.55,8.1,1.05,0,0,5.2,1.9,7,0.3,5.8,0,3.25,18.35,2.25,28.7125,WAG,WAG16C20201,UNB,WAG
2018,WDD16E,31.85,14.2,9.95,0.3,2.2,0,25,0,32.55,5.15,10.05,0,1.65,2.4,4.2125,15.1875,WAG,WAG16E20181,UNB,WAG
2019,WDD16E,45.65,22.8,12.2,3.8,10.3,0.45,17.8,0,24.8,4.3,19.4,0,0,31.2,2.8625,28.8625,WAG,WAG16E20191,UNB,WAG
2020,WDD16E,30.1,4.8,15.2,1.2,2.95,0,8.05,0.6,12.75,0.45,10.05,0,0.6,17.55,2.425,30.3,WAG,WAG16E20201,UNB,WAG
2018,WCC01C,57.36842,9.684211,1.263158,0,0,0,7.421053,0,24.84211,9.526316,18.10526,0,2.210526,6,4.144737,18.81579,WAG,WAG1C20181,UNB,WAG
2019,WCC01C,48.15,23,10.3,3.8,9.2,0,7.3,0,22.7,10.2,19.7,0,0,33.9,3.15,35.675,WAG,WAG1C20191,UNB,WAG
2020,WCC01C,31.65,6.15,3.25,0.3,0,0,2.25,0,5.2,3.3,9.65,0,0.15,18.4,3.1875,40.3875,WAG,WAG1C20201,UNB,WAG
2018,WCC01E,37.4,17,9.15,0.3,2.65,0,7.7,5.95,34.85,8.45,13.55,0,1.35,5.7,4.05,15,WAG,WAG1E20181,UNB,WAG
2019,WCC01E,32.65,23.2,6.2,7.3,8.9,0,5.1,7.3,19.1,4.8,12.4,0,0,32.3,2.7125,33.65,WAG,WAG1E20191,UNB,WAG
2020,WCC01E,30.1,11.9,3.45,0.3,0,0,1.05,1.65,9.55,3.3,5.1,0,3.55,11.35,3.2125,32.75,WAG,WAG1E20201,UNB,WAG
2018,WCC02C,32.2,18.05,2.1,0.15,4.05,0,7.4,0,29.45,5.05,21.2,0,0.9,10.85,3.425,20.4375,WAG,WAG2C20181,UNB,WAG
2019,WCC02C,30.45,23.5,9.5,17.1,6.5,0,18.9,0,20.5,6.7,21.4,0,0,35,4.25,18.525,WAG,WAG2C20191,UNB,WAG
2020,WCC02C,26.05,21.65,4.35,0.45,2.2,0.15,7.75,0.15,5.85,3.15,6.15,0,1.5,18.05,4.65,64.5125,WAG,WAG2C20201,UNB,WAG
2018,WCC02E,23.6,15.5,1.8,0,8.4,0,32.65,3.8,26.15,8.3,14.4,0,0.15,7.35,3.8,18.0625,WAG,WAG2E20181,UNB,WAG
2019,WCC02E,32.65,24.3,3.8,21.7,2.7,0,5.1,0,21.8,10.5,18.2,0,0,38,4.625,22.275,WAG,WAG2E20191,UNB,WAG
2020,WCC02E,26.4,25.1,1.5,1.35,0,0,0.6,0.15,8.2,1.8,17,0,0.15,17.75,4.7875,82.125,WAG,WAG2E20201,UNB,WAG
2018,WCC03C,36.25,12.8,3.85,0,5.05,0,20.65,0,20.4,9.1,17.15,0,2.4,7.45,3.4625,14.0625,WAG,WAG3C20181,UNB,WAG
2019,WCC03C,45.35,12.4,12.65,20.3,1.9,0,15,0,22.1,13,17.5,0,3.8,28.5,2.1125,6.875,WAG,WAG3C20191,UNB,WAG
2020,WCC03C,36.6,10.75,1.65,7.25,0.6,0,17,0,16.45,1.5,9.25,0,1.35,4.65,4.875,40.0125,WAG,WAG3C20201,UNB,WAG
2018,WCC03E,45.55,11.65,0.45,0.15,4.3,0,10.3,0.9,27.25,9.4,16.25,0,0.45,11.5,3.2,16.375,WAG,WAG3E20181,UNB,WAG
2019,WCC03E,30.6,10.2,12.2,19,1.9,0,3.2,0,18,8.1,13.1,0,7.6,34.2,2.325,10.75,WAG,WAG3E20191,UNB,WAG
2020,WCC03E,38.88888889,5,2.833333333,0.666666667,0.166666667,0,1.333333333,0,9.277777778,2,11.33333333,0,3.833333333,12.5,3.055555556,37.94444444,WAG,WAG3E20201,UNB,WAG
2018,WCC04C,35.3,7.85,5.35,0.15,9.4,0,10.75,1.05,29.95,0.15,5.2,0,5.65,5.95,2.9,10.25,WAG,WAG4C20181,UNB,WAG
2019,WCC04C,20.55,6.2,25.7,12.2,15.4,0,13.5,6.5,18.2,0.8,12.7,0,7.3,35.8,2.2375,8.375,WAG,WAG4C20191,UNB,WAG
2020,WCC04C,17.8,1.35,6.3,4.05,3.55,0.15,3.45,1.5,13.7,0.3,9.7,0.15,3.7,28.5,1.9,18.5125,WAG,WAG4C20201,UNB,WAG
2018,WCC04E,40.3,19.35,3,0,2.65,0,5.2,0.75,24.15,6.4,17.25,0,2.2,10.6,3.375,20.5625,WAG,WAG4E20181,UNB,WAG
2019,WCC04E,18.2,15.6,15.85,9.5,5.4,0,10.45,1.9,19.1,7,17.5,0,1.6,36.1,3.075,21.375,WAG,WAG4E20191,UNB,WAG
2020,WCC04E,22.8,5.2,6.8,0.75,4.85,0,7.85,0.15,6.85,0.6,8.75,0,4.2,23.5,1.675,15.5,WAG,WAG4E20201,UNB,WAG
2018,WBB05C,30.55,9.65,11.55,0.15,6.7,0,5.55,0,27,11,9.55,0,3,7.5,3.6125,13.9375,WAG,WAG5C20181,UNB,WAG
2019,WBB05C,26.05,6.2,12.4,14.1,12.2,0,10,0,22.6,6.7,15.4,0,4.6,33.9,2.4125,23.8125,WAG,WAG5C20191,UNB,WAG
2020,WBB05C,26.4,3.45,4.9,0.6,1.05,1.9,2.7,0,12.55,0.15,4.2,0,1.5,37.4,2.125,29.575,WAG,WAG5C20201,UNB,WAG
2018,WBB05E,51.4,7.2,2.1,0,4.4,0,13.3,0,21.85,15.15,10.55,0,1.35,11.3,4.5,21.75,WAG,WAG5E20181,UNB,WAG
2019,WBB05E,19.3,20,12.2,4.6,6.5,0,12.3,0,21.5,10.7,12.6,0,0.8,32.8,3.15,30.1875,WAG,WAG5E20191,UNB,WAG
2020,WBB05E,34.3,4.65,6.1,0.3,0.6,0,3.15,0,10.8,2.4,8.85,0,2.35,12.6,2.8375,30.9125,WAG,WAG5E20201,UNB,WAG
2018,WBB06C,46.45,3.55,8.5,0,1.9,0,3.85,0,15.65,10.75,9.85,0,0.3,1.65,3.3625,12.75,WAG,WAG6C20181,UNB,WAG
2019,WBB06C,30.43478,7.043478,10.34783,4.695652,0.695652,0,2.347826,1.652174,14.91304,7.043478,18.78261,0,1.652174,23.73913,3.217391,15.6087,WAG,WAG6C20191,UNB,WAG
2020,WBB06C,45.5,6.9,3.6,0.45,0.15,0,1.65,0,11.55,5.15,10.55,0,0.3,17,3.5125,61.475,WAG,WAG6C20201,UNB,WAG
2018,WBB06E,49.85,0.9,14.75,0.15,0.9,0,1.05,0,20.15,1.8,4.2,0,10.25,5.85,2.7625,22.25,WAG,WAG6E20181,UNB,WAG
2019,WBB06E,25.1,2.4,18.9,10,11.4,0,14.6,0,21.65,4.6,9.4,0,5.7,33.9,2.95,11.85,WAG,WAG6E20191,UNB,WAG
2020,WBB06E,48.85,0.9,3.15,6.1,0.75,0,4,0,6.55,1.05,4.35,0,1.5,21.55,2.05,50.325,WAG,WAG6E20201,UNB,WAG
2018,WBB07C,61.3,0,0,0,0,0,2.95,1.9,22.25,6.55,8.4,0,0.9,3.75,3.5,16.375,WAG,WAG7C20181,UNB,WAG
2019,WBB07C,22.6,5.7,3.8,11.4,0,0,13,0,19.1,7.6,16.2,0,0,22.8,1.5,5.35,WAG,WAG7C20191,UNB,WAG
2020,WBB07C,40.6,2.55,2.1,2.55,0,0,1.95,0,18.35,1.5,8.75,0,1.2,14.15,3.55,26.675,WAG,WAG7C20201,UNB,WAG
2018,WBB07E,56.35,1.05,4.5,0,4.3,0,4.6,3.15,23,2.95,5.95,0,6.4,16.5,2.1,15.5625,WAG,WAG7E20181,UNB,WAG
2019,WBB07E,22.6,0,16,5.7,1.9,0,7.3,0,26.2,4.6,8.6,0,8.1,24.7,1.5,11.8,WAG,WAG7E20191,UNB,WAG
2020,WBB07E,37.25,0.75,4.8,0.9,2.8,0,6.4,0,9.6,0.75,6.1,0,9,12,1.6,12.4,WAG,WAG7E20201,UNB,WAG
2018,WBB08C,50.7,4.3,4.15,4.05,0,0,0.9,0,13.55,1.35,8.65,0,7.5,10.2,3.7625,21.5625,WAG,WAG8C20181,UNB,WAG
2019,WBB08C,27,9.7,21.4,14.1,10,0,18.45,0,21.8,12.4,21.1,0,5.4,28.5,3.5,18,WAG,WAG8C20191,UNB,WAG
2020,WBB08C,19.35,6.15,4.3,1.05,1.05,0,15.05,0,20.65,3.25,3.9,0,3.3,12.7,2.75,21.05,WAG,WAG8C20201,UNB,WAG
2018,WBB08E,36.65,11,2.25,0.15,0.75,0,13.25,0,12.95,6.2,17.3,0,0.9,0.9,4.825,17,WAG,WAG8E20181,UNB,WAG
2019,WBB08E,29.65,13.5,10,15.2,11.1,0,15.6,0,17.8,14,25.1,0,0,32.3,3.55,34.1,WAG,WAG8E20191,UNB,WAG
2020,WBB08E,37.45,4.2,12.95,0.9,6.55,0,8,0,9.55,4.15,9.7,0,4.6,6.7,2.425,20.875,WAG,WAG8E20201,UNB,WAG
2018,WAA09C,58.9,0.3,6.1,0,0,0,1.2,0,21.05,1.05,6.55,0,13.05,4.2,3.45,0,WAG,WAG9C20181,UNB,WAG
2019,WAA09C,36.55,9.2,14.1,11.4,4.6,0,11.3,0,22.6,3.8,6.4,0,1.9,29.8,4.6,29.4,WAG,WAG9C20191,UNB,WAG
2020,WAA09C,39.55,4.85,2.55,0.75,0.3,0,3.15,0,16,0.15,7,0,0.3,22.45,3.3625,55.9625,WAG,WAG9C20201,UNB,WAG
2018,WAA09E,49.85,0.75,4.15,0,0.75,0,9,0,21.1,9.2,13.25,0,0.45,0.15,4.125,14.25,WAG,WAG9E20181,UNB,WAG
2019,WAA09E,32.09091,5.636364,19.72727,23.90909,5.181818,0,5.636364,0.727273,22.95455,11.27273,16.90909,0,1.727273,30.81818,4.5,31.68182,WAG,WAG9E20191,UNB,WAG
2020,WAA09E,57.45,4.6,6.1,1.5,0.15,0,2.4,0,6.3,2.1,5.65,0,0,3.75,3.1875,56.6875,WAG,WAG9E20201,UNB,WAG
